fo_code;fo_code_ext;fo_cb_code;fo_nincab;fo_numtub;fo_nintub;fo_type;fo_etat;fo_color;fo_reper;fo_proptyp;fo_comment;fo_creadat;fo_majdate;fo_majsrc;fo_abddate;fo_abdsrc
FO180030003001;;CB000180030003;1;1;1;G652;OK;1;1;CST;;2015-06-03 00:00:00;;;;
FO180030001001;;CB000180030001;1;1;1;G652;OK;1;1;CST;;2015-06-02 00:00:00;;;;
FO180030001002;;CB000180030001;2;1;2;G652;OK;2;1;CST;;2015-06-02 00:00:00;;;;
FO180030001003;;CB000180030001;3;1;3;G652;OK;3;1;CST;;2015-06-02 00:00:00;;;;
FO180030001004;;CB000180030001;4;1;4;G652;OK;4;1;CST;;2015-06-02 00:00:00;;;;
FO180030001005;;CB000180030001;5;1;5;G652;OK;5;1;CST;;2015-06-02 00:00:00;;;;
FO180030001006;;CB000180030001;6;1;6;G652;OK;6;1;CST;;2015-06-02 00:00:00;;;;
FO180030001007;;CB000180030001;7;2;1;G652;OK;1;1;CST;;2015-06-02 00:00:00;;;;
FO180030001008;;CB000180030001;8;2;2;G652;OK;2;1;CST;;2015-06-02 00:00:00;;;;
FO180030001009;;CB000180030001;9;2;3;G652;OK;3;1;CST;;2015-06-02 00:00:00;;;;
FO180030001010;;CB000180030001;10;2;4;G652;OK;4;1;CST;;2015-06-02 00:00:00;;;;
FO180030001011;;CB000180030001;11;2;5;G652;OK;5;1;CST;;2015-06-02 00:00:00;;;;
FO180030001012;;CB000180030001;12;2;6;G652;OK;6;1;CST;;2015-06-02 00:00:00;;;;
FO180030001013;;CB000180030001;13;3;1;G652;OK;1;1;CST;;2015-06-02 00:00:00;;;;
FO180030001014;;CB000180030001;14;3;2;G652;OK;2;1;CST;;2015-06-02 00:00:00;;;;
FO180030001015;;CB000180030001;15;3;3;G652;OK;3;1;CST;;2015-06-02 00:00:00;;;;
FO180030001016;;CB000180030001;16;3;4;G652;OK;4;1;CST;;2015-06-02 00:00:00;;;;
FO180030001017;;CB000180030001;17;3;5;G652;OK;5;1;CST;;2015-06-02 00:00:00;;;;
FO180030001018;;CB000180030001;18;3;6;G652;OK;6;1;CST;;2015-06-02 00:00:00;;;;
FO180030001019;;CB000180030001;19;4;1;G652;OK;1;1;CST;;2015-06-02 00:00:00;;;;
FO180030001020;;CB000180030001;20;4;2;G652;OK;2;1;CST;;2015-06-02 00:00:00;;;;
FO180030001021;;CB000180030001;21;4;3;G652;OK;3;1;CST;;2015-06-02 00:00:00;;;;
FO180030001022;;CB000180030001;22;4;4;G652;OK;4;1;CST;;2015-06-02 00:00:00;;;;
FO180030001023;;CB000180030001;23;4;5;G652;OK;5;1;CST;;2015-06-02 00:00:00;;;;
FO180030001024;;CB000180030001;24;4;6;G652;OK;6;1;CST;;2015-06-02 00:00:00;;;;
FO180030001025;;CB000180030001;25;5;1;G652;OK;1;1;CST;;2015-06-02 00:00:00;;;;
FO180030001026;;CB000180030001;26;5;2;G652;OK;2;1;CST;;2015-06-02 00:00:00;;;;
FO180030001027;;CB000180030001;27;5;3;G652;OK;3;1;CST;;2015-06-02 00:00:00;;;;
FO180030001028;;CB000180030001;28;5;4;G652;OK;4;1;CST;;2015-06-02 00:00:00;;;;
FO180030001029;;CB000180030001;29;5;5;G652;OK;5;1;CST;;2015-06-02 00:00:00;;;;
FO180030001030;;CB000180030001;30;5;6;G652;OK;6;1;CST;;2015-06-02 00:00:00;;;;
FO180030001031;;CB000180030001;31;6;1;G652;OK;1;1;CST;;2015-06-02 00:00:00;;;;
FO180030001032;;CB000180030001;32;6;2;G652;OK;2;1;CST;;2015-06-02 00:00:00;;;;
FO180030001033;;CB000180030001;33;6;3;G652;OK;3;1;CST;;2015-06-02 00:00:00;;;;
FO180030001034;;CB000180030001;34;6;4;G652;OK;4;1;CST;;2015-06-02 00:00:00;;;;
FO180030001035;;CB000180030001;35;6;5;G652;OK;5;1;CST;;2015-06-02 00:00:00;;;;
FO180030001036;;CB000180030001;36;6;6;G652;OK;6;1;CST;;2015-06-02 00:00:00;;;;
FO180030001037;;CB000180030001;37;7;1;G652;OK;1;1;CST;;2015-06-02 00:00:00;;;;
FO180030001038;;CB000180030001;38;7;2;G652;OK;2;1;CST;;2015-06-02 00:00:00;;;;
FO180030001039;;CB000180030001;39;7;3;G652;OK;3;1;CST;;2015-06-02 00:00:00;;;;
FO180030001040;;CB000180030001;40;7;4;G652;OK;4;1;CST;;2015-06-02 00:00:00;;;;
FO180030001041;;CB000180030001;41;7;5;G652;OK;5;1;CST;;2015-06-02 00:00:00;;;;
FO180030001042;;CB000180030001;42;7;6;G652;OK;6;1;CST;;2015-06-02 00:00:00;;;;
FO180030001043;;CB000180030001;43;8;1;G652;OK;1;1;CST;;2015-06-02 00:00:00;;;;
FO180030001044;;CB000180030001;44;8;2;G652;OK;2;1;CST;;2015-06-02 00:00:00;;;;
FO180030001045;;CB000180030001;45;8;3;G652;OK;3;1;CST;;2015-06-02 00:00:00;;;;
FO180030001046;;CB000180030001;46;8;4;G652;OK;4;1;CST;;2015-06-02 00:00:00;;;;
FO180030001047;;CB000180030001;47;8;5;G652;OK;5;1;CST;;2015-06-02 00:00:00;;;;
FO180030001048;;CB000180030001;48;8;6;G652;OK;6;1;CST;;2015-06-02 00:00:00;;;;
FO180030001049;;CB000180030001;49;9;1;G652;OK;1;1;CST;;2015-06-02 00:00:00;;;;
FO180030001050;;CB000180030001;50;9;2;G652;OK;2;1;CST;;2015-06-02 00:00:00;;;;
FO180030001051;;CB000180030001;51;9;3;G652;OK;3;1;CST;;2015-06-02 00:00:00;;;;
FO180030001052;;CB000180030001;52;9;4;G652;OK;4;1;CST;;2015-06-02 00:00:00;;;;
FO180030001053;;CB000180030001;53;9;5;G652;OK;5;1;CST;;2015-06-02 00:00:00;;;;
FO180030001054;;CB000180030001;54;9;6;G652;OK;6;1;CST;;2015-06-02 00:00:00;;;;
FO180030001055;;CB000180030001;55;10;1;G652;OK;1;1;CST;;2015-06-02 00:00:00;;;;
FO180030001056;;CB000180030001;56;10;2;G652;OK;2;1;CST;;2015-06-02 00:00:00;;;;
FO180030001057;;CB000180030001;57;10;3;G652;OK;3;1;CST;;2015-06-02 00:00:00;;;;
FO180030001058;;CB000180030001;58;10;4;G652;OK;4;1;CST;;2015-06-02 00:00:00;;;;
FO180030001059;;CB000180030001;59;10;5;G652;OK;5;1;CST;;2015-06-02 00:00:00;;;;
FO180030001060;;CB000180030001;60;10;6;G652;OK;6;1;CST;;2015-06-02 00:00:00;;;;
FO180030001061;;CB000180030001;61;11;1;G652;OK;1;1;CST;;2015-06-02 00:00:00;;;;
FO180030001062;;CB000180030001;62;11;2;G652;OK;2;1;CST;;2015-06-02 00:00:00;;;;
FO180030001063;;CB000180030001;63;11;3;G652;OK;3;1;CST;;2015-06-02 00:00:00;;;;
FO180030001064;;CB000180030001;64;11;4;G652;OK;4;1;CST;;2015-06-02 00:00:00;;;;
FO180030001065;;CB000180030001;65;11;5;G652;OK;5;1;CST;;2015-06-02 00:00:00;;;;
FO180030001066;;CB000180030001;66;11;6;G652;OK;6;1;CST;;2015-06-02 00:00:00;;;;
FO180030001067;;CB000180030001;67;12;1;G652;OK;1;1;CST;;2015-06-02 00:00:00;;;;
FO180030001068;;CB000180030001;68;12;2;G652;OK;2;1;CST;;2015-06-02 00:00:00;;;;
FO180030001069;;CB000180030001;69;12;3;G652;OK;3;1;CST;;2015-06-02 00:00:00;;;;
FO180030001070;;CB000180030001;70;12;4;G652;OK;4;1;CST;;2015-06-02 00:00:00;;;;
FO180030001071;;CB000180030001;71;12;5;G652;OK;5;1;CST;;2015-06-02 00:00:00;;;;
FO180030001072;;CB000180030001;72;12;6;G652;OK;6;1;CST;;2015-06-02 00:00:00;;;;
FO180030001073;;CB000180030001;73;13;1;G652;OK;1;2;CST;;2015-06-02 00:00:00;;;;
FO180030001074;;CB000180030001;74;13;2;G652;OK;2;2;CST;;2015-06-02 00:00:00;;;;
FO180030001075;;CB000180030001;75;13;3;G652;OK;3;2;CST;;2015-06-02 00:00:00;;;;
FO180030001076;;CB000180030001;76;13;4;G652;OK;4;2;CST;;2015-06-02 00:00:00;;;;
FO180030001077;;CB000180030001;77;13;5;G652;OK;5;2;CST;;2015-06-02 00:00:00;;;;
FO180030001078;;CB000180030001;78;13;6;G652;OK;6;2;CST;;2015-06-02 00:00:00;;;;
FO180030001079;;CB000180030001;79;14;1;G652;OK;1;2;CST;;2015-06-02 00:00:00;;;;
FO180030001080;;CB000180030001;80;14;2;G652;OK;2;2;CST;;2015-06-02 00:00:00;;;;
FO180030001081;;CB000180030001;81;14;3;G652;OK;3;2;CST;;2015-06-02 00:00:00;;;;
FO180030001082;;CB000180030001;82;14;4;G652;OK;4;2;CST;;2015-06-02 00:00:00;;;;
FO180030001083;;CB000180030001;83;14;5;G652;OK;5;2;CST;;2015-06-02 00:00:00;;;;
FO180030001084;;CB000180030001;84;14;6;G652;OK;6;2;CST;;2015-06-02 00:00:00;;;;
FO180030001085;;CB000180030001;85;15;1;G652;OK;1;2;CST;;2015-06-02 00:00:00;;;;
FO180030001086;;CB000180030001;86;15;2;G652;OK;2;2;CST;;2015-06-02 00:00:00;;;;
FO180030001087;;CB000180030001;87;15;3;G652;OK;3;2;CST;;2015-06-02 00:00:00;;;;
FO180030001088;;CB000180030001;88;15;4;G652;OK;4;2;CST;;2015-06-02 00:00:00;;;;
FO180030001089;;CB000180030001;89;15;5;G652;OK;5;2;CST;;2015-06-02 00:00:00;;;;
FO180030001090;;CB000180030001;90;15;6;G652;OK;6;2;CST;;2015-06-02 00:00:00;;;;
FO180030001091;;CB000180030001;91;16;1;G652;OK;1;2;CST;;2015-06-02 00:00:00;;;;
FO180030001092;;CB000180030001;92;16;2;G652;OK;2;2;CST;;2015-06-02 00:00:00;;;;
FO180030001093;;CB000180030001;93;16;3;G652;OK;3;2;CST;;2015-06-02 00:00:00;;;;
FO180030001094;;CB000180030001;94;16;4;G652;OK;4;2;CST;;2015-06-02 00:00:00;;;;
FO180030001095;;CB000180030001;95;16;5;G652;OK;5;2;CST;;2015-06-02 00:00:00;;;;
FO180030001096;;CB000180030001;96;16;6;G652;OK;6;2;CST;;2015-06-02 00:00:00;;;;
FO180030003002;;CB000180030003;2;1;2;G652;OK;2;1;CST;;2015-06-04 00:00:00;;;;
FO180030003003;;CB000180030003;3;1;3;G652;OK;3;1;CST;;2015-06-04 00:00:00;;;;
FO180030003004;;CB000180030003;4;1;4;G652;OK;4;1;CST;;2015-06-04 00:00:00;;;;
FO180030003005;;CB000180030003;5;1;5;G652;OK;5;1;CST;;2015-06-04 00:00:00;;;;
FO180030003006;;CB000180030003;6;1;6;G652;OK;6;1;CST;;2015-06-04 00:00:00;;;;
FO180030003007;;CB000180030003;7;1;7;G652;OK;7;1;CST;;2015-06-04 00:00:00;;;;
FO180030003008;;CB000180030003;8;1;8;G652;OK;8;1;CST;;2015-06-04 00:00:00;;;;
FO180030003009;;CB000180030003;9;1;9;G652;OK;9;1;CST;;2015-06-04 00:00:00;;;;
FO180030003010;;CB000180030003;10;1;10;G652;OK;10;1;CST;;2015-06-04 00:00:00;;;;
FO180030003011;;CB000180030003;11;1;11;G652;OK;11;1;CST;;2015-06-04 00:00:00;;;;
FO180030003012;;CB000180030003;12;1;12;G652;OK;12;1;CST;;2015-06-04 00:00:00;;;;
FO180030003013;;CB000180030003;13;2;1;G652;OK;1;1;CST;;2015-06-04 00:00:00;;;;
FO180030003014;;CB000180030003;14;2;2;G652;OK;2;1;CST;;2015-06-04 00:00:00;;;;
FO180030003015;;CB000180030003;15;2;3;G652;OK;3;1;CST;;2015-06-04 00:00:00;;;;
FO180030003016;;CB000180030003;16;2;4;G652;OK;4;1;CST;;2015-06-04 00:00:00;;;;
FO180030003017;;CB000180030003;17;2;5;G652;OK;5;1;CST;;2015-06-04 00:00:00;;;;
FO180030003018;;CB000180030003;18;2;6;G652;OK;6;1;CST;;2015-06-04 00:00:00;;;;
FO180030003019;;CB000180030003;19;2;7;G652;OK;7;1;CST;;2015-06-04 00:00:00;;;;
FO180030003020;;CB000180030003;20;2;8;G652;OK;8;1;CST;;2015-06-04 00:00:00;;;;
FO180030003021;;CB000180030003;21;2;9;G652;OK;9;1;CST;;2015-06-04 00:00:00;;;;
FO180030003022;;CB000180030003;22;2;10;G652;OK;10;1;CST;;2015-06-04 00:00:00;;;;
FO180030003023;;CB000180030003;23;2;11;G652;OK;11;1;CST;;2015-06-04 00:00:00;;;;
FO180030003024;;CB000180030003;24;2;12;G652;OK;12;1;CST;;2015-06-04 00:00:00;;;;
FO180030003025;;CB000180030003;25;3;1;G652;OK;1;1;CST;;2015-06-04 00:00:00;;;;
FO180030003026;;CB000180030003;26;3;2;G652;OK;2;1;CST;;2015-06-04 00:00:00;;;;
FO180030003027;;CB000180030003;27;3;3;G652;OK;3;1;CST;;2015-06-04 00:00:00;;;;
FO180030003028;;CB000180030003;28;3;4;G652;OK;4;1;CST;;2015-06-04 00:00:00;;;;
FO180030003029;;CB000180030003;29;3;5;G652;OK;5;1;CST;;2015-06-04 00:00:00;;;;
FO180030003030;;CB000180030003;30;3;6;G652;OK;6;1;CST;;2015-06-04 00:00:00;;;;
FO180030003031;;CB000180030003;31;3;7;G652;OK;7;1;CST;;2015-06-04 00:00:00;;;;
FO180030003032;;CB000180030003;32;3;8;G652;OK;8;1;CST;;2015-06-04 00:00:00;;;;
FO180030003033;;CB000180030003;33;3;9;G652;OK;9;1;CST;;2015-06-04 00:00:00;;;;
FO180030003034;;CB000180030003;34;3;10;G652;OK;10;1;CST;;2015-06-04 00:00:00;;;;
FO180030003035;;CB000180030003;35;3;11;G652;OK;11;1;CST;;2015-06-04 00:00:00;;;;
FO180030003036;;CB000180030003;36;3;12;G652;OK;12;1;CST;;2015-06-04 00:00:00;;;;
FO180030003037;;CB000180030003;37;4;1;G652;OK;1;1;CST;;2015-06-04 00:00:00;;;;
FO180030003038;;CB000180030003;38;4;2;G652;OK;2;1;CST;;2015-06-04 00:00:00;;;;
FO180030003039;;CB000180030003;39;4;3;G652;OK;3;1;CST;;2015-06-04 00:00:00;;;;
FO180030003040;;CB000180030003;40;4;4;G652;OK;4;1;CST;;2015-06-04 00:00:00;;;;
FO180030003041;;CB000180030003;41;4;5;G652;OK;5;1;CST;;2015-06-04 00:00:00;;;;
FO180030003042;;CB000180030003;42;4;6;G652;OK;6;1;CST;;2015-06-04 00:00:00;;;;
FO180030003043;;CB000180030003;43;4;7;G652;OK;7;1;CST;;2015-06-04 00:00:00;;;;
FO180030003044;;CB000180030003;44;4;8;G652;OK;8;1;CST;;2015-06-04 00:00:00;;;;
FO180030003045;;CB000180030003;45;4;9;G652;OK;9;1;CST;;2015-06-04 00:00:00;;;;
FO180030003046;;CB000180030003;46;4;10;G652;OK;10;1;CST;;2015-06-04 00:00:00;;;;
FO180030003047;;CB000180030003;47;4;11;G652;OK;11;1;CST;;2015-06-04 00:00:00;;;;
FO180030003048;;CB000180030003;48;4;12;G652;OK;12;1;CST;;2015-06-04 00:00:00;;;;
FO180030003049;;CB000180030003;49;5;1;G652;OK;1;1;CST;;2015-06-04 00:00:00;;;;
FO180030003050;;CB000180030003;50;5;2;G652;OK;2;1;CST;;2015-06-04 00:00:00;;;;
FO180030003051;;CB000180030003;51;5;3;G652;OK;3;1;CST;;2015-06-04 00:00:00;;;;
FO180030003052;;CB000180030003;52;5;4;G652;OK;4;1;CST;;2015-06-04 00:00:00;;;;
FO180030003053;;CB000180030003;53;5;5;G652;OK;5;1;CST;;2015-06-04 00:00:00;;;;
FO180030003054;;CB000180030003;54;5;6;G652;OK;6;1;CST;;2015-06-04 00:00:00;;;;
FO180030003055;;CB000180030003;55;5;7;G652;OK;7;1;CST;;2015-06-04 00:00:00;;;;
FO180030003056;;CB000180030003;56;5;8;G652;OK;8;1;CST;;2015-06-04 00:00:00;;;;
FO180030003057;;CB000180030003;57;5;9;G652;OK;9;1;CST;;2015-06-04 00:00:00;;;;
FO180030003058;;CB000180030003;58;5;10;G652;OK;10;1;CST;;2015-06-04 00:00:00;;;;
FO180030003059;;CB000180030003;59;5;11;G652;OK;11;1;CST;;2015-06-04 00:00:00;;;;
FO180030003060;;CB000180030003;60;5;12;G652;OK;12;1;CST;;2015-06-04 00:00:00;;;;
FO180030003061;;CB000180030003;61;6;1;G652;OK;1;1;CST;;2015-06-04 00:00:00;;;;
FO180030003062;;CB000180030003;62;6;2;G652;OK;2;1;CST;;2015-06-04 00:00:00;;;;
FO180030003063;;CB000180030003;63;6;3;G652;OK;3;1;CST;;2015-06-04 00:00:00;;;;
FO180030003064;;CB000180030003;64;6;4;G652;OK;4;1;CST;;2015-06-04 00:00:00;;;;
FO180030003065;;CB000180030003;65;6;5;G652;OK;5;1;CST;;2015-06-04 00:00:00;;;;
FO180030003066;;CB000180030003;66;6;6;G652;OK;6;1;CST;;2015-06-04 00:00:00;;;;
FO180030003067;;CB000180030003;67;6;7;G652;OK;7;1;CST;;2015-06-04 00:00:00;;;;
FO180030003068;;CB000180030003;68;6;8;G652;OK;8;1;CST;;2015-06-04 00:00:00;;;;
FO180030003069;;CB000180030003;69;6;9;G652;OK;9;1;CST;;2015-06-04 00:00:00;;;;
FO180030003070;;CB000180030003;70;6;10;G652;OK;10;1;CST;;2015-06-04 00:00:00;;;;
FO180030003071;;CB000180030003;71;6;11;G652;OK;11;1;CST;;2015-06-04 00:00:00;;;;
FO180030003072;;CB000180030003;72;6;12;G652;OK;12;1;CST;;2015-06-04 00:00:00;;;;
FO180030003073;;CB000180030003;73;7;1;G652;OK;1;1;CST;;2015-06-04 00:00:00;;;;
FO180030003074;;CB000180030003;74;7;2;G652;OK;2;1;CST;;2015-06-04 00:00:00;;;;
FO180030003075;;CB000180030003;75;7;3;G652;OK;3;1;CST;;2015-06-04 00:00:00;;;;
FO180030003076;;CB000180030003;76;7;4;G652;OK;4;1;CST;;2015-06-04 00:00:00;;;;
FO180030003077;;CB000180030003;77;7;5;G652;OK;5;1;CST;;2015-06-04 00:00:00;;;;
FO180030003078;;CB000180030003;78;7;6;G652;OK;6;1;CST;;2015-06-04 00:00:00;;;;
FO180030003079;;CB000180030003;79;7;7;G652;OK;7;1;CST;;2015-06-04 00:00:00;;;;
FO180030003080;;CB000180030003;80;7;8;G652;OK;8;1;CST;;2015-06-04 00:00:00;;;;
FO180030003081;;CB000180030003;81;7;9;G652;OK;9;1;CST;;2015-06-04 00:00:00;;;;
FO180030003082;;CB000180030003;82;7;10;G652;OK;10;1;CST;;2015-06-04 00:00:00;;;;
FO180030003083;;CB000180030003;83;7;11;G652;OK;11;1;CST;;2015-06-04 00:00:00;;;;
FO180030003084;;CB000180030003;84;7;12;G652;OK;12;1;CST;;2015-06-04 00:00:00;;;;
FO180030003085;;CB000180030003;85;8;1;G652;OK;1;1;CST;;2015-06-04 00:00:00;;;;
FO180030003086;;CB000180030003;86;8;2;G652;OK;2;1;CST;;2015-06-04 00:00:00;;;;
FO180030003087;;CB000180030003;87;8;3;G652;OK;3;1;CST;;2015-06-04 00:00:00;;;;
FO180030003088;;CB000180030003;88;8;4;G652;OK;4;1;CST;;2015-06-04 00:00:00;;;;
FO180030003089;;CB000180030003;89;8;5;G652;OK;5;1;CST;;2015-06-04 00:00:00;;;;
FO180030003090;;CB000180030003;90;8;6;G652;OK;6;1;CST;;2015-06-04 00:00:00;;;;
FO180030003091;;CB000180030003;91;8;7;G652;OK;7;1;CST;;2015-06-04 00:00:00;;;;
FO180030003092;;CB000180030003;92;8;8;G652;OK;8;1;CST;;2015-06-04 00:00:00;;;;
FO180030003093;;CB000180030003;93;8;9;G652;OK;9;1;CST;;2015-06-04 00:00:00;;;;
FO180030003094;;CB000180030003;94;8;10;G652;OK;10;1;CST;;2015-06-04 00:00:00;;;;
FO180030003095;;CB000180030003;95;8;11;G652;OK;11;1;CST;;2015-06-04 00:00:00;;;;
FO180030003096;;CB000180030003;96;8;12;G652;OK;12;1;CST;;2015-06-04 00:00:00;;;;
FO180030007001;;CB000180030007;1;1;1;G652;OK;1;1;CST;;2015-06-02 00:00:00;;;;
FO180030007002;;CB000180030007;2;1;2;G652;OK;2;1;CST;;2015-06-02 00:00:00;;;;
FO180030007003;;CB000180030007;3;1;3;G652;OK;3;1;CST;;2015-06-02 00:00:00;;;;
FO180030007004;;CB000180030007;4;1;4;G652;OK;4;1;CST;;2015-06-02 00:00:00;;;;
FO180030007005;;CB000180030007;5;1;5;G652;OK;5;1;CST;;2015-06-02 00:00:00;;;;
FO180030007006;;CB000180030007;6;1;6;G652;OK;6;1;CST;;2015-06-02 00:00:00;;;;
FO180030007007;;CB000180030007;7;1;7;G652;OK;7;1;CST;;2015-06-02 00:00:00;;;;
FO180030007008;;CB000180030007;8;1;8;G652;OK;8;1;CST;;2015-06-02 00:00:00;;;;
FO180030007009;;CB000180030007;9;1;9;G652;OK;9;1;CST;;2015-06-02 00:00:00;;;;
FO180030007010;;CB000180030007;10;1;10;G652;OK;10;1;CST;;2015-06-02 00:00:00;;;;
FO180030007011;;CB000180030007;11;1;11;G652;OK;11;1;CST;;2015-06-02 00:00:00;;;;
FO180030007012;;CB000180030007;12;1;12;G652;OK;12;1;CST;;2015-06-02 00:00:00;;;;
FO180030007013;;CB000180030007;13;2;1;G652;OK;1;1;CST;;2015-06-02 00:00:00;;;;
FO180030007014;;CB000180030007;14;2;2;G652;OK;2;1;CST;;2015-06-02 00:00:00;;;;
FO180030007015;;CB000180030007;15;2;3;G652;OK;3;1;CST;;2015-06-02 00:00:00;;;;
FO180030007016;;CB000180030007;16;2;4;G652;OK;4;1;CST;;2015-06-02 00:00:00;;;;
FO180030007017;;CB000180030007;17;2;5;G652;OK;5;1;CST;;2015-06-02 00:00:00;;;;
FO180030007018;;CB000180030007;18;2;6;G652;OK;6;1;CST;;2015-06-02 00:00:00;;;;
FO180030007019;;CB000180030007;19;2;7;G652;OK;7;1;CST;;2015-06-02 00:00:00;;;;
FO180030007020;;CB000180030007;20;2;8;G652;OK;8;1;CST;;2015-06-02 00:00:00;;;;
FO180030007021;;CB000180030007;21;2;9;G652;OK;9;1;CST;;2015-06-02 00:00:00;;;;
FO180030007022;;CB000180030007;22;2;10;G652;OK;10;1;CST;;2015-06-02 00:00:00;;;;
FO180030007023;;CB000180030007;23;2;11;G652;OK;11;1;CST;;2015-06-02 00:00:00;;;;
FO180030007024;;CB000180030007;24;2;12;G652;OK;12;1;CST;;2015-06-02 00:00:00;;;;
FO180030007025;;CB000180030007;25;3;1;G652;OK;1;1;CST;;2015-06-02 00:00:00;;;;
FO180030007026;;CB000180030007;26;3;2;G652;OK;2;1;CST;;2015-06-02 00:00:00;;;;
FO180030007027;;CB000180030007;27;3;3;G652;OK;3;1;CST;;2015-06-02 00:00:00;;;;
FO180030007028;;CB000180030007;28;3;4;G652;OK;4;1;CST;;2015-06-02 00:00:00;;;;
FO180030007029;;CB000180030007;29;3;5;G652;OK;5;1;CST;;2015-06-02 00:00:00;;;;
FO180030007030;;CB000180030007;30;3;6;G652;OK;6;1;CST;;2015-06-02 00:00:00;;;;
FO180030007031;;CB000180030007;31;3;7;G652;OK;7;1;CST;;2015-06-02 00:00:00;;;;
FO180030007032;;CB000180030007;32;3;8;G652;OK;8;1;CST;;2015-06-02 00:00:00;;;;
FO180030007033;;CB000180030007;33;3;9;G652;OK;9;1;CST;;2015-06-02 00:00:00;;;;
FO180030007034;;CB000180030007;34;3;10;G652;OK;10;1;CST;;2015-06-02 00:00:00;;;;
FO180030007035;;CB000180030007;35;3;11;G652;OK;11;1;CST;;2015-06-02 00:00:00;;;;
FO180030007036;;CB000180030007;36;3;12;G652;OK;12;1;CST;;2015-06-02 00:00:00;;;;
FO180030007037;;CB000180030007;37;4;1;G652;OK;1;1;CST;;2015-06-02 00:00:00;;;;
FO180030007038;;CB000180030007;38;4;2;G652;OK;2;1;CST;;2015-06-02 00:00:00;;;;
FO180030007039;;CB000180030007;39;4;3;G652;OK;3;1;CST;;2015-06-02 00:00:00;;;;
FO180030007040;;CB000180030007;40;4;4;G652;OK;4;1;CST;;2015-06-02 00:00:00;;;;
FO180030007041;;CB000180030007;41;4;5;G652;OK;5;1;CST;;2015-06-02 00:00:00;;;;
FO180030007042;;CB000180030007;42;4;6;G652;OK;6;1;CST;;2015-06-02 00:00:00;;;;
FO180030007043;;CB000180030007;43;4;7;G652;OK;7;1;CST;;2015-06-02 00:00:00;;;;
FO180030007044;;CB000180030007;44;4;8;G652;OK;8;1;CST;;2015-06-02 00:00:00;;;;
FO180030007045;;CB000180030007;45;4;9;G652;OK;9;1;CST;;2015-06-02 00:00:00;;;;
FO180030007046;;CB000180030007;46;4;10;G652;OK;10;1;CST;;2015-06-02 00:00:00;;;;
FO180030007047;;CB000180030007;47;4;11;G652;OK;11;1;CST;;2015-06-02 00:00:00;;;;
FO180030007048;;CB000180030007;48;4;12;G652;OK;12;1;CST;;2015-06-02 00:00:00;;;;
FO180030007049;;CB000180030007;49;5;1;G652;OK;1;1;CST;;2015-06-02 00:00:00;;;;
FO180030007050;;CB000180030007;50;5;2;G652;OK;2;1;CST;;2015-06-02 00:00:00;;;;
FO180030007051;;CB000180030007;51;5;3;G652;OK;3;1;CST;;2015-06-02 00:00:00;;;;
FO180030007052;;CB000180030007;52;5;4;G652;OK;4;1;CST;;2015-06-02 00:00:00;;;;
FO180030007053;;CB000180030007;53;5;5;G652;OK;5;1;CST;;2015-06-02 00:00:00;;;;
FO180030007054;;CB000180030007;54;5;6;G652;OK;6;1;CST;;2015-06-02 00:00:00;;;;
FO180030007055;;CB000180030007;55;5;7;G652;OK;7;1;CST;;2015-06-02 00:00:00;;;;
FO180030007056;;CB000180030007;56;5;8;G652;OK;8;1;CST;;2015-06-02 00:00:00;;;;
FO180030007057;;CB000180030007;57;5;9;G652;OK;9;1;CST;;2015-06-02 00:00:00;;;;
FO180030007058;;CB000180030007;58;5;10;G652;OK;10;1;CST;;2015-06-02 00:00:00;;;;
FO180030007059;;CB000180030007;59;5;11;G652;OK;11;1;CST;;2015-06-02 00:00:00;;;;
FO180030007060;;CB000180030007;60;5;12;G652;OK;12;1;CST;;2015-06-02 00:00:00;;;;
FO180030007061;;CB000180030007;61;6;1;G652;OK;1;1;CST;;2015-06-02 00:00:00;;;;
FO180030007062;;CB000180030007;62;6;2;G652;OK;2;1;CST;;2015-06-02 00:00:00;;;;
FO180030007063;;CB000180030007;63;6;3;G652;OK;3;1;CST;;2015-06-02 00:00:00;;;;
FO180030007064;;CB000180030007;64;6;4;G652;OK;4;1;CST;;2015-06-02 00:00:00;;;;
FO180030007065;;CB000180030007;65;6;5;G652;OK;5;1;CST;;2015-06-02 00:00:00;;;;
FO180030007066;;CB000180030007;66;6;6;G652;OK;6;1;CST;;2015-06-02 00:00:00;;;;
FO180030007067;;CB000180030007;67;6;7;G652;OK;7;1;CST;;2015-06-02 00:00:00;;;;
FO180030007068;;CB000180030007;68;6;8;G652;OK;8;1;CST;;2015-06-02 00:00:00;;;;
FO180030007069;;CB000180030007;69;6;9;G652;OK;9;1;CST;;2015-06-02 00:00:00;;;;
FO180030007070;;CB000180030007;70;6;10;G652;OK;10;1;CST;;2015-06-02 00:00:00;;;;
FO180030007071;;CB000180030007;71;6;11;G652;OK;11;1;CST;;2015-06-02 00:00:00;;;;
FO180030007072;;CB000180030007;72;6;12;G652;OK;12;1;CST;;2015-06-02 00:00:00;;;;
FO180030007073;;CB000180030007;73;7;1;G652;OK;1;1;CST;;2015-06-02 00:00:00;;;;
FO180030007074;;CB000180030007;74;7;2;G652;OK;2;1;CST;;2015-06-02 00:00:00;;;;
FO180030007075;;CB000180030007;75;7;3;G652;OK;3;1;CST;;2015-06-02 00:00:00;;;;
FO180030007076;;CB000180030007;76;7;4;G652;OK;4;1;CST;;2015-06-02 00:00:00;;;;
FO180030007077;;CB000180030007;77;7;5;G652;OK;5;1;CST;;2015-06-02 00:00:00;;;;
FO180030007078;;CB000180030007;78;7;6;G652;OK;6;1;CST;;2015-06-02 00:00:00;;;;
FO180030007079;;CB000180030007;79;7;7;G652;OK;7;1;CST;;2015-06-02 00:00:00;;;;
FO180030007080;;CB000180030007;80;7;8;G652;OK;8;1;CST;;2015-06-02 00:00:00;;;;
FO180030007081;;CB000180030007;81;7;9;G652;OK;9;1;CST;;2015-06-02 00:00:00;;;;
FO180030007082;;CB000180030007;82;7;10;G652;OK;10;1;CST;;2015-06-02 00:00:00;;;;
FO180030007083;;CB000180030007;83;7;11;G652;OK;11;1;CST;;2015-06-02 00:00:00;;;;
FO180030007084;;CB000180030007;84;7;12;G652;OK;12;1;CST;;2015-06-02 00:00:00;;;;
FO180030007085;;CB000180030007;85;8;1;G652;OK;1;1;CST;;2015-06-02 00:00:00;;;;
FO180030007086;;CB000180030007;86;8;2;G652;OK;2;1;CST;;2015-06-02 00:00:00;;;;
FO180030007087;;CB000180030007;87;8;3;G652;OK;3;1;CST;;2015-06-02 00:00:00;;;;
FO180030007088;;CB000180030007;88;8;4;G652;OK;4;1;CST;;2015-06-02 00:00:00;;;;
FO180030007089;;CB000180030007;89;8;5;G652;OK;5;1;CST;;2015-06-02 00:00:00;;;;
FO180030007090;;CB000180030007;90;8;6;G652;OK;6;1;CST;;2015-06-02 00:00:00;;;;
FO180030007091;;CB000180030007;91;8;7;G652;OK;7;1;CST;;2015-06-02 00:00:00;;;;
FO180030007092;;CB000180030007;92;8;8;G652;OK;8;1;CST;;2015-06-02 00:00:00;;;;
FO180030007093;;CB000180030007;93;8;9;G652;OK;9;1;CST;;2015-06-02 00:00:00;;;;
FO180030007094;;CB000180030007;94;8;10;G652;OK;10;1;CST;;2015-06-02 00:00:00;;;;
FO180030007095;;CB000180030007;95;8;11;G652;OK;11;1;CST;;2015-06-02 00:00:00;;;;
FO180030007096;;CB000180030007;96;8;12;G652;OK;12;1;CST;;2015-06-02 00:00:00;;;;
FO180030007101;;CB001800300071;1;;;G652;OK;;;CST;;2015-06-03 00:00:00;;;;
FO180030007102;;CB001800300071;2;;;G652;OK;;;CST;;2015-06-03 00:00:00;;;;
FO180030008101;;CB001800300081;1;;;G652;OK;;;CST;;2015-06-03 00:00:00;;;;
FO180030017101;;CB001800300171;1;;;G652;OK;;;CST;;2015-06-08 00:00:00;;;;
FO180030027101;;CB001800300271;1;;;G652;OK;;;CST;;2015-06-08 00:00:00;;;;
FO180030037101;;CB001800300371;1;;;G652;OK;;;CST;;2015-06-08 00:00:00;;;;
FO180030047101;;CB001800300471;1;;;G652;OK;;;CST;;2015-06-08 00:00:00;;;;
FO180030057101;;CB001800300571;1;;;G652;OK;;;CST;;2015-06-08 00:00:00;;;;
FO180030067101;;CB001800300671;1;;;G652;OK;;;CST;;2015-06-08 00:00:00;;;;
FO180030077101;;CB001800300771;1;;;G652;OK;;;CST;;2015-06-08 00:00:00;;;;
FO180030087101;;CB001800300871;1;;;G652;OK;;;CST;;2015-06-08 00:00:00;;;;
FO180030097101;;CB001800300971;1;;;G652;OK;;;CST;;2015-06-08 00:00:00;;;;
FO180030107101;;CB001800301071;1;;;G652;OK;;;CST;;2015-06-08 00:00:00;;;;
FO180030117101;;CB001800301171;1;;;G652;OK;;;CST;;2015-06-08 00:00:00;;;;
FO180030127101;;CB001800301271;1;;;G652;OK;;;CST;;2015-06-08 00:00:00;;;;
FO180030137101;;CB001800301371;1;;;G652;OK;;;CST;;2015-06-08 00:00:00;;;;
FO180030157101;;CB001800301571;1;;;G652;OK;;;CST;;2015-06-08 00:00:00;;;;
FO180030167101;;CB001800301671;1;;;G652;OK;;;CST;;2015-06-08 00:00:00;;;;
FO180030177101;;CB001800301771;1;;;G652;OK;;;CST;;2015-06-08 00:00:00;;;;
FO180030187101;;CB001800301871;1;;;G652;OK;;;CST;;2015-06-08 00:00:00;;;;
FO180030197101;;CB001800301971;1;;;G652;OK;;;CST;;2015-06-08 00:00:00;;;;
FO180030207101;;CB001800302071;1;;;G652;OK;;;CST;;2015-06-08 00:00:00;;;;
FO180030217101;;CB001800302171;1;;;G652;OK;;;CST;;2015-06-08 00:00:00;;;;
FO180030227101;;CB001800302271;1;;;G652;OK;;;CST;;2015-06-08 00:00:00;;;;
FO180030237101;;CB001800302371;1;;;G652;OK;;;CST;;2015-06-08 00:00:00;;;;
FO180030247101;;CB001800302471;1;;;G652;OK;;;CST;;2015-06-08 00:00:00;;;;
FO180030257101;;CB001800302571;1;;;G652;OK;;;CST;;2015-06-08 00:00:00;;;;
FO180030257102;;CB001800302571;2;;;G652;OK;;;CST;;2015-06-08 00:00:00;;;;
FO180030329001;;CB000180030329;1;1;1;G657;OK;1;1;CST;;2015-06-02 00:00:00;;;;
FO180030329002;;CB000180030329;2;1;2;G657;OK;2;1;CST;;2015-06-02 00:00:00;;;;
FO180030329003;;CB000180030329;3;1;3;G657;OK;3;1;CST;;2015-06-02 00:00:00;;;;
FO180030329004;;CB000180030329;4;1;4;G657;OK;4;1;CST;;2015-06-02 00:00:00;;;;
FO180030329005;;CB000180030329;5;1;5;G657;OK;5;1;CST;;2015-06-02 00:00:00;;;;
FO180030329006;;CB000180030329;6;1;6;G657;OK;6;1;CST;;2015-06-02 00:00:00;;;;
FO180030329007;;CB000180030329;7;2;1;G657;OK;1;1;CST;;2015-06-02 00:00:00;;;;
FO180030329008;;CB000180030329;8;2;2;G657;OK;2;1;CST;;2015-06-02 00:00:00;;;;
FO180030329009;;CB000180030329;9;2;3;G657;OK;3;1;CST;;2015-06-02 00:00:00;;;;
FO180030329010;;CB000180030329;10;2;4;G657;OK;4;1;CST;;2015-06-02 00:00:00;;;;
FO180030329011;;CB000180030329;11;2;5;G657;OK;5;1;CST;;2015-06-02 00:00:00;;;;
FO180030329012;;CB000180030329;12;2;6;G657;OK;6;1;CST;;2015-06-02 00:00:00;;;;
FO180030341001;;CB000180030341;1;1;1;G657;OK;1;1;CST;;2015-06-02 00:00:00;;;;
FO180030341002;;CB000180030341;2;1;2;G657;OK;2;1;CST;;2015-06-02 00:00:00;;;;
FO180030341003;;CB000180030341;3;1;3;G657;OK;3;1;CST;;2015-06-02 00:00:00;;;;
FO180030341004;;CB000180030341;4;1;4;G657;OK;4;1;CST;;2015-06-02 00:00:00;;;;
FO180030341005;;CB000180030341;5;1;5;G657;OK;5;1;CST;;2015-06-02 00:00:00;;;;
FO180030341006;;CB000180030341;6;1;6;G657;OK;6;1;CST;;2015-06-02 00:00:00;;;;
FO180030341007;;CB000180030341;7;2;1;G657;OK;1;1;CST;;2015-06-02 00:00:00;;;;
FO180030341008;;CB000180030341;8;2;2;G657;OK;2;1;CST;;2015-06-02 00:00:00;;;;
FO180030341009;;CB000180030341;9;2;3;G657;OK;3;1;CST;;2015-06-02 00:00:00;;;;
FO180030341010;;CB000180030341;10;2;4;G657;OK;4;1;CST;;2015-06-02 00:00:00;;;;
FO180030341011;;CB000180030341;11;2;5;G657;OK;5;1;CST;;2015-06-02 00:00:00;;;;
FO180030341012;;CB000180030341;12;2;6;G657;OK;6;1;CST;;2015-06-02 00:00:00;;;;
FO180030341013;;CB000180030341;13;3;1;G657;OK;1;1;CST;;2015-06-02 00:00:00;;;;
FO180030341014;;CB000180030341;14;3;2;G657;OK;2;1;CST;;2015-06-02 00:00:00;;;;
FO180030341015;;CB000180030341;15;3;3;G657;OK;3;1;CST;;2015-06-02 00:00:00;;;;
FO180030341016;;CB000180030341;16;3;4;G657;OK;4;1;CST;;2015-06-02 00:00:00;;;;
FO180030341017;;CB000180030341;17;3;5;G657;OK;5;1;CST;;2015-06-02 00:00:00;;;;
FO180030341018;;CB000180030341;18;3;6;G657;OK;6;1;CST;;2015-06-02 00:00:00;;;;
FO180030341019;;CB000180030341;19;4;1;G657;OK;1;1;CST;;2015-06-02 00:00:00;;;;
FO180030341020;;CB000180030341;20;4;2;G657;OK;2;1;CST;;2015-06-02 00:00:00;;;;
FO180030341021;;CB000180030341;21;4;3;G657;OK;3;1;CST;;2015-06-02 00:00:00;;;;
FO180030341022;;CB000180030341;22;4;4;G657;OK;4;1;CST;;2015-06-02 00:00:00;;;;
FO180030341023;;CB000180030341;23;4;5;G657;OK;5;1;CST;;2015-06-02 00:00:00;;;;
FO180030341024;;CB000180030341;24;4;6;G657;OK;6;1;CST;;2015-06-02 00:00:00;;;;
FO180030147101;;CB001800301471;1;;;G652;OK;;;CST;;2015-06-08 00:00:00;;;;
FO180030739001;;CB000180030739;1;1;1;G657;OK;1;1;CST;;2015-06-02 00:00:00;;;;
FO180030739002;;CB000180030739;2;1;2;G657;OK;2;1;CST;;2015-06-02 00:00:00;;;;
FO180030739003;;CB000180030739;3;1;3;G657;OK;3;1;CST;;2015-06-02 00:00:00;;;;
FO180030739004;;CB000180030739;4;1;4;G657;OK;4;1;CST;;2015-06-02 00:00:00;;;;
FO180030739005;;CB000180030739;5;1;5;G657;OK;5;1;CST;;2015-06-02 00:00:00;;;;
FO180030739006;;CB000180030739;6;1;6;G657;OK;6;1;CST;;2015-06-02 00:00:00;;;;
FO180030739007;;CB000180030739;7;2;1;G657;OK;1;1;CST;;2015-06-02 00:00:00;;;;
FO180030739008;;CB000180030739;8;2;2;G657;OK;2;1;CST;;2015-06-02 00:00:00;;;;
FO180030739009;;CB000180030739;9;2;3;G657;OK;3;1;CST;;2015-06-02 00:00:00;;;;
FO180030739010;;CB000180030739;10;2;4;G657;OK;4;1;CST;;2015-06-02 00:00:00;;;;
FO180030739011;;CB000180030739;11;2;5;G657;OK;5;1;CST;;2015-06-02 00:00:00;;;;
FO180030739012;;CB000180030739;12;2;6;G657;OK;6;1;CST;;2015-06-02 00:00:00;;;;
FO180030739013;;CB000180030739;13;3;1;G657;OK;1;1;CST;;2015-06-02 00:00:00;;;;
FO180030739014;;CB000180030739;14;3;2;G657;OK;2;1;CST;;2015-06-02 00:00:00;;;;
FO180030739015;;CB000180030739;15;3;3;G657;OK;3;1;CST;;2015-06-02 00:00:00;;;;
FO180030739016;;CB000180030739;16;3;4;G657;OK;4;1;CST;;2015-06-02 00:00:00;;;;
FO180030739017;;CB000180030739;17;3;5;G657;OK;5;1;CST;;2015-06-02 00:00:00;;;;
FO180030739018;;CB000180030739;18;3;6;G657;OK;6;1;CST;;2015-06-02 00:00:00;;;;
FO180030739019;;CB000180030739;19;4;1;G657;OK;1;1;CST;;2015-06-02 00:00:00;;;;
FO180030739020;;CB000180030739;20;4;2;G657;OK;2;1;CST;;2015-06-02 00:00:00;;;;
FO180030739021;;CB000180030739;21;4;3;G657;OK;3;1;CST;;2015-06-02 00:00:00;;;;
FO180030739022;;CB000180030739;22;4;4;G657;OK;4;1;CST;;2015-06-02 00:00:00;;;;
FO180030739023;;CB000180030739;23;4;5;G657;OK;5;1;CST;;2015-06-02 00:00:00;;;;
FO180030739024;;CB000180030739;24;4;6;G657;OK;6;1;CST;;2015-06-02 00:00:00;;;;
FO180030739025;;CB000180030739;25;5;1;G657;OK;1;1;CST;;2015-06-02 00:00:00;;;;
FO180030739026;;CB000180030739;26;5;2;G657;OK;2;1;CST;;2015-06-02 00:00:00;;;;
FO180030739027;;CB000180030739;27;5;3;G657;OK;3;1;CST;;2015-06-02 00:00:00;;;;
FO180030739028;;CB000180030739;28;5;4;G657;OK;4;1;CST;;2015-06-02 00:00:00;;;;
FO180030739029;;CB000180030739;29;5;5;G657;OK;5;1;CST;;2015-06-02 00:00:00;;;;
FO180030739030;;CB000180030739;30;5;6;G657;OK;6;1;CST;;2015-06-02 00:00:00;;;;
FO180030739031;;CB000180030739;31;6;1;G657;OK;1;1;CST;;2015-06-02 00:00:00;;;;
FO180030739032;;CB000180030739;32;6;2;G657;OK;2;1;CST;;2015-06-02 00:00:00;;;;
FO180030739033;;CB000180030739;33;6;3;G657;OK;3;1;CST;;2015-06-02 00:00:00;;;;
FO180030739034;;CB000180030739;34;6;4;G657;OK;4;1;CST;;2015-06-02 00:00:00;;;;
FO180030739035;;CB000180030739;35;6;5;G657;OK;5;1;CST;;2015-06-02 00:00:00;;;;
FO180030739036;;CB000180030739;36;6;6;G657;OK;6;1;CST;;2015-06-02 00:00:00;;;;
FO180030916001;;CB000180030916;1;1;1;G652;OK;1;1;CST;;2015-06-02 00:00:00;;;;
FO180030916002;;CB000180030916;2;1;2;G652;OK;2;1;CST;;2015-06-02 00:00:00;;;;
FO180030916003;;CB000180030916;3;1;3;G652;OK;3;1;CST;;2015-06-02 00:00:00;;;;
FO180030916004;;CB000180030916;4;1;4;G652;OK;4;1;CST;;2015-06-02 00:00:00;;;;
FO180030916005;;CB000180030916;5;1;5;G652;OK;5;1;CST;;2015-06-02 00:00:00;;;;
FO180030916006;;CB000180030916;6;1;6;G652;OK;6;1;CST;;2015-06-02 00:00:00;;;;
FO180030916007;;CB000180030916;7;1;7;G652;OK;7;1;CST;;2015-06-02 00:00:00;;;;
FO180030916008;;CB000180030916;8;1;8;G652;OK;8;1;CST;;2015-06-02 00:00:00;;;;
FO180030916009;;CB000180030916;9;1;9;G652;OK;9;1;CST;;2015-06-02 00:00:00;;;;
FO180030916010;;CB000180030916;10;1;10;G652;OK;10;1;CST;;2015-06-02 00:00:00;;;;
FO180030916011;;CB000180030916;11;1;11;G652;OK;11;1;CST;;2015-06-02 00:00:00;;;;
FO180030916012;;CB000180030916;12;1;12;G652;OK;12;1;CST;;2015-06-02 00:00:00;;;;
FO180030916013;;CB000180030916;13;2;1;G652;OK;1;1;CST;;2015-06-02 00:00:00;;;;
FO180030916014;;CB000180030916;14;2;2;G652;OK;2;1;CST;;2015-06-02 00:00:00;;;;
FO180030916015;;CB000180030916;15;2;3;G652;OK;3;1;CST;;2015-06-02 00:00:00;;;;
FO180030916016;;CB000180030916;16;2;4;G652;OK;4;1;CST;;2015-06-02 00:00:00;;;;
FO180030916017;;CB000180030916;17;2;5;G652;OK;5;1;CST;;2015-06-02 00:00:00;;;;
FO180030916018;;CB000180030916;18;2;6;G652;OK;6;1;CST;;2015-06-02 00:00:00;;;;
FO180030916019;;CB000180030916;19;2;7;G652;OK;7;1;CST;;2015-06-02 00:00:00;;;;
FO180030916020;;CB000180030916;20;2;8;G652;OK;8;1;CST;;2015-06-02 00:00:00;;;;
FO180030916021;;CB000180030916;21;2;9;G652;OK;9;1;CST;;2015-06-02 00:00:00;;;;
FO180030916022;;CB000180030916;22;2;10;G652;OK;10;1;CST;;2015-06-02 00:00:00;;;;
FO180030916023;;CB000180030916;23;2;11;G652;OK;11;1;CST;;2015-06-02 00:00:00;;;;
FO180030916024;;CB000180030916;24;2;12;G652;OK;12;1;CST;;2015-06-02 00:00:00;;;;
FO180030916025;;CB000180030916;25;3;1;G652;OK;1;1;CST;;2015-06-02 00:00:00;;;;
FO180030916026;;CB000180030916;26;3;2;G652;OK;2;1;CST;;2015-06-02 00:00:00;;;;
FO180030916027;;CB000180030916;27;3;3;G652;OK;3;1;CST;;2015-06-02 00:00:00;;;;
FO180030916028;;CB000180030916;28;3;4;G652;OK;4;1;CST;;2015-06-02 00:00:00;;;;
FO180030916029;;CB000180030916;29;3;5;G652;OK;5;1;CST;;2015-06-02 00:00:00;;;;
FO180030916030;;CB000180030916;30;3;6;G652;OK;6;1;CST;;2015-06-02 00:00:00;;;;
FO180030916031;;CB000180030916;31;3;7;G652;OK;7;1;CST;;2015-06-02 00:00:00;;;;
FO180030916032;;CB000180030916;32;3;8;G652;OK;8;1;CST;;2015-06-02 00:00:00;;;;
FO180030916033;;CB000180030916;33;3;9;G652;OK;9;1;CST;;2015-06-02 00:00:00;;;;
FO180030916034;;CB000180030916;34;3;10;G652;OK;10;1;CST;;2015-06-02 00:00:00;;;;
FO180030916035;;CB000180030916;35;3;11;G652;OK;11;1;CST;;2015-06-02 00:00:00;;;;
FO180030916036;;CB000180030916;36;3;12;G652;OK;12;1;CST;;2015-06-02 00:00:00;;;;
FO180030916037;;CB000180030916;37;4;1;G652;OK;1;1;CST;;2015-06-02 00:00:00;;;;
FO180030916038;;CB000180030916;38;4;2;G652;OK;2;1;CST;;2015-06-02 00:00:00;;;;
FO180030916039;;CB000180030916;39;4;3;G652;OK;3;1;CST;;2015-06-02 00:00:00;;;;
FO180030916040;;CB000180030916;40;4;4;G652;OK;4;1;CST;;2015-06-02 00:00:00;;;;
FO180030916041;;CB000180030916;41;4;5;G652;OK;5;1;CST;;2015-06-02 00:00:00;;;;
FO180030916042;;CB000180030916;42;4;6;G652;OK;6;1;CST;;2015-06-02 00:00:00;;;;
FO180030916043;;CB000180030916;43;4;7;G652;OK;7;1;CST;;2015-06-02 00:00:00;;;;
FO180030916044;;CB000180030916;44;4;8;G652;OK;8;1;CST;;2015-06-02 00:00:00;;;;
FO180030916045;;CB000180030916;45;4;9;G652;OK;9;1;CST;;2015-06-02 00:00:00;;;;
FO180030916046;;CB000180030916;46;4;10;G652;OK;10;1;CST;;2015-06-02 00:00:00;;;;
FO180030916047;;CB000180030916;47;4;11;G652;OK;11;1;CST;;2015-06-02 00:00:00;;;;
FO180030916048;;CB000180030916;48;4;12;G652;OK;12;1;CST;;2015-06-02 00:00:00;;;;
FO180030916049;;CB000180030916;49;5;1;G652;OK;1;1;CST;;2015-06-02 00:00:00;;;;
FO180030916050;;CB000180030916;50;5;2;G652;OK;2;1;CST;;2015-06-02 00:00:00;;;;
FO180030916051;;CB000180030916;51;5;3;G652;OK;3;1;CST;;2015-06-02 00:00:00;;;;
FO180030916052;;CB000180030916;52;5;4;G652;OK;4;1;CST;;2015-06-02 00:00:00;;;;
FO180030916053;;CB000180030916;53;5;5;G652;OK;5;1;CST;;2015-06-02 00:00:00;;;;
FO180030916054;;CB000180030916;54;5;6;G652;OK;6;1;CST;;2015-06-02 00:00:00;;;;
FO180030916055;;CB000180030916;55;5;7;G652;OK;7;1;CST;;2015-06-02 00:00:00;;;;
FO180030916056;;CB000180030916;56;5;8;G652;OK;8;1;CST;;2015-06-02 00:00:00;;;;
FO180030916057;;CB000180030916;57;5;9;G652;OK;9;1;CST;;2015-06-02 00:00:00;;;;
FO180030916058;;CB000180030916;58;5;10;G652;OK;10;1;CST;;2015-06-02 00:00:00;;;;
FO180030916059;;CB000180030916;59;5;11;G652;OK;11;1;CST;;2015-06-02 00:00:00;;;;
FO180030916060;;CB000180030916;60;5;12;G652;OK;12;1;CST;;2015-06-02 00:00:00;;;;
FO180030916061;;CB000180030916;61;6;1;G652;OK;1;1;CST;;2015-06-02 00:00:00;;;;
FO180030916062;;CB000180030916;62;6;2;G652;OK;2;1;CST;;2015-06-02 00:00:00;;;;
FO180030916063;;CB000180030916;63;6;3;G652;OK;3;1;CST;;2015-06-02 00:00:00;;;;
FO180030916064;;CB000180030916;64;6;4;G652;OK;4;1;CST;;2015-06-02 00:00:00;;;;
FO180030916065;;CB000180030916;65;6;5;G652;OK;5;1;CST;;2015-06-02 00:00:00;;;;
FO180030916066;;CB000180030916;66;6;6;G652;OK;6;1;CST;;2015-06-02 00:00:00;;;;
FO180030916067;;CB000180030916;67;6;7;G652;OK;7;1;CST;;2015-06-02 00:00:00;;;;
FO180030916068;;CB000180030916;68;6;8;G652;OK;8;1;CST;;2015-06-02 00:00:00;;;;
FO180030916069;;CB000180030916;69;6;9;G652;OK;9;1;CST;;2015-06-02 00:00:00;;;;
FO180030916070;;CB000180030916;70;6;10;G652;OK;10;1;CST;;2015-06-02 00:00:00;;;;
FO180030916071;;CB000180030916;71;6;11;G652;OK;11;1;CST;;2015-06-02 00:00:00;;;;
FO180030916072;;CB000180030916;72;6;12;G652;OK;12;1;CST;;2015-06-02 00:00:00;;;;
FO180030916073;;CB000180030916;73;7;1;G652;OK;1;1;CST;;2015-06-02 00:00:00;;;;
FO180030916074;;CB000180030916;74;7;2;G652;OK;2;1;CST;;2015-06-02 00:00:00;;;;
FO180030916075;;CB000180030916;75;7;3;G652;OK;3;1;CST;;2015-06-02 00:00:00;;;;
FO180030916076;;CB000180030916;76;7;4;G652;OK;4;1;CST;;2015-06-02 00:00:00;;;;
FO180030916077;;CB000180030916;77;7;5;G652;OK;5;1;CST;;2015-06-02 00:00:00;;;;
FO180030916078;;CB000180030916;78;7;6;G652;OK;6;1;CST;;2015-06-02 00:00:00;;;;
FO180030916079;;CB000180030916;79;7;7;G652;OK;7;1;CST;;2015-06-02 00:00:00;;;;
FO180030916080;;CB000180030916;80;7;8;G652;OK;8;1;CST;;2015-06-02 00:00:00;;;;
FO180030916081;;CB000180030916;81;7;9;G652;OK;9;1;CST;;2015-06-02 00:00:00;;;;
FO180030916082;;CB000180030916;82;7;10;G652;OK;10;1;CST;;2015-06-02 00:00:00;;;;
FO180030916083;;CB000180030916;83;7;11;G652;OK;11;1;CST;;2015-06-02 00:00:00;;;;
FO180030916084;;CB000180030916;84;7;12;G652;OK;12;1;CST;;2015-06-02 00:00:00;;;;
FO180030916085;;CB000180030916;85;8;1;G652;OK;1;1;CST;;2015-06-02 00:00:00;;;;
FO180030916086;;CB000180030916;86;8;2;G652;OK;2;1;CST;;2015-06-02 00:00:00;;;;
FO180030916087;;CB000180030916;87;8;3;G652;OK;3;1;CST;;2015-06-02 00:00:00;;;;
FO180030916088;;CB000180030916;88;8;4;G652;OK;4;1;CST;;2015-06-02 00:00:00;;;;
FO180030916089;;CB000180030916;89;8;5;G652;OK;5;1;CST;;2015-06-02 00:00:00;;;;
FO180030916090;;CB000180030916;90;8;6;G652;OK;6;1;CST;;2015-06-02 00:00:00;;;;
FO180030916091;;CB000180030916;91;8;7;G652;OK;7;1;CST;;2015-06-02 00:00:00;;;;
FO180030916092;;CB000180030916;92;8;8;G652;OK;8;1;CST;;2015-06-02 00:00:00;;;;
FO180030916093;;CB000180030916;93;8;9;G652;OK;9;1;CST;;2015-06-02 00:00:00;;;;
FO180030916094;;CB000180030916;94;8;10;G652;OK;10;1;CST;;2015-06-02 00:00:00;;;;
FO180030916095;;CB000180030916;95;8;11;G652;OK;11;1;CST;;2015-06-02 00:00:00;;;;
FO180030916096;;CB000180030916;96;8;12;G652;OK;12;1;CST;;2015-06-02 00:00:00;;;;
FO180030916097;;CB000180030916;97;9;1;G652;OK;1;1;CST;;2015-06-02 00:00:00;;;;
FO180030916098;;CB000180030916;98;9;2;G652;OK;2;1;CST;;2015-06-02 00:00:00;;;;
FO180030916099;;CB000180030916;99;9;3;G652;OK;3;1;CST;;2015-06-02 00:00:00;;;;
FO180030916100;;CB000180030916;100;9;4;G652;OK;4;1;CST;;2015-06-02 00:00:00;;;;
FO180030916101;;CB000180030916;101;9;5;G652;OK;5;1;CST;;2015-06-02 00:00:00;;;;
FO180030916102;;CB000180030916;102;9;6;G652;OK;6;1;CST;;2015-06-02 00:00:00;;;;
FO180030916103;;CB000180030916;103;9;7;G652;OK;7;1;CST;;2015-06-02 00:00:00;;;;
FO180030916104;;CB000180030916;104;9;8;G652;OK;8;1;CST;;2015-06-02 00:00:00;;;;
FO180030916105;;CB000180030916;105;9;9;G652;OK;9;1;CST;;2015-06-02 00:00:00;;;;
FO180030916106;;CB000180030916;106;9;10;G652;OK;10;1;CST;;2015-06-02 00:00:00;;;;
FO180030916107;;CB000180030916;107;9;11;G652;OK;11;1;CST;;2015-06-02 00:00:00;;;;
FO180030916108;;CB000180030916;108;9;12;G652;OK;12;1;CST;;2015-06-02 00:00:00;;;;
FO180030916109;;CB000180030916;109;10;1;G652;OK;1;1;CST;;2015-06-02 00:00:00;;;;
FO180030916110;;CB000180030916;110;10;2;G652;OK;2;1;CST;;2015-06-02 00:00:00;;;;
FO180030916111;;CB000180030916;111;10;3;G652;OK;3;1;CST;;2015-06-02 00:00:00;;;;
FO180030916112;;CB000180030916;112;10;4;G652;OK;4;1;CST;;2015-06-02 00:00:00;;;;
FO180030916113;;CB000180030916;113;10;5;G652;OK;5;1;CST;;2015-06-02 00:00:00;;;;
FO180030916114;;CB000180030916;114;10;6;G652;OK;6;1;CST;;2015-06-02 00:00:00;;;;
FO180030916115;;CB000180030916;115;10;7;G652;OK;7;1;CST;;2015-06-02 00:00:00;;;;
FO180030916116;;CB000180030916;116;10;8;G652;OK;8;1;CST;;2015-06-02 00:00:00;;;;
FO180030916117;;CB000180030916;117;10;9;G652;OK;9;1;CST;;2015-06-02 00:00:00;;;;
FO180030916118;;CB000180030916;118;10;10;G652;OK;10;1;CST;;2015-06-02 00:00:00;;;;
FO180030916119;;CB000180030916;119;10;11;G652;OK;11;1;CST;;2015-06-02 00:00:00;;;;
FO180030916120;;CB000180030916;120;10;12;G652;OK;12;1;CST;;2015-06-02 00:00:00;;;;
FO180030916121;;CB000180030916;121;11;1;G652;OK;1;1;CST;;2015-06-02 00:00:00;;;;
FO180030916122;;CB000180030916;122;11;2;G652;OK;2;1;CST;;2015-06-02 00:00:00;;;;
FO180030916123;;CB000180030916;123;11;3;G652;OK;3;1;CST;;2015-06-02 00:00:00;;;;
FO180030916124;;CB000180030916;124;11;4;G652;OK;4;1;CST;;2015-06-02 00:00:00;;;;
FO180030916125;;CB000180030916;125;11;5;G652;OK;5;1;CST;;2015-06-02 00:00:00;;;;
FO180030916126;;CB000180030916;126;11;6;G652;OK;6;1;CST;;2015-06-02 00:00:00;;;;
FO180030916127;;CB000180030916;127;11;7;G652;OK;7;1;CST;;2015-06-02 00:00:00;;;;
FO180030916128;;CB000180030916;128;11;8;G652;OK;8;1;CST;;2015-06-02 00:00:00;;;;
FO180030916129;;CB000180030916;129;11;9;G652;OK;9;1;CST;;2015-06-02 00:00:00;;;;
FO180030916130;;CB000180030916;130;11;10;G652;OK;10;1;CST;;2015-06-02 00:00:00;;;;
FO180030916131;;CB000180030916;131;11;11;G652;OK;11;1;CST;;2015-06-02 00:00:00;;;;
FO180030916132;;CB000180030916;132;11;12;G652;OK;12;1;CST;;2015-06-02 00:00:00;;;;
FO180030916133;;CB000180030916;133;12;1;G652;OK;1;1;CST;;2015-06-02 00:00:00;;;;
FO180030916134;;CB000180030916;134;12;2;G652;OK;2;1;CST;;2015-06-02 00:00:00;;;;
FO180030916135;;CB000180030916;135;12;3;G652;OK;3;1;CST;;2015-06-02 00:00:00;;;;
FO180030916136;;CB000180030916;136;12;4;G652;OK;4;1;CST;;2015-06-02 00:00:00;;;;
FO180030916137;;CB000180030916;137;12;5;G652;OK;5;1;CST;;2015-06-02 00:00:00;;;;
FO180030916138;;CB000180030916;138;12;6;G652;OK;6;1;CST;;2015-06-02 00:00:00;;;;
FO180030916139;;CB000180030916;139;12;7;G652;OK;7;1;CST;;2015-06-02 00:00:00;;;;
FO180030916140;;CB000180030916;140;12;8;G652;OK;8;1;CST;;2015-06-02 00:00:00;;;;
FO180030916141;;CB000180030916;141;12;9;G652;OK;9;1;CST;;2015-06-02 00:00:00;;;;
FO180030916142;;CB000180030916;142;12;10;G652;OK;10;1;CST;;2015-06-02 00:00:00;;;;
FO180030916143;;CB000180030916;143;12;11;G652;OK;11;1;CST;;2015-06-02 00:00:00;;;;
FO180030916144;;CB000180030916;144;12;12;G652;OK;12;1;CST;;2015-06-02 00:00:00;;;;
FO180030916145;;CB000180030916;145;13;1;G652;OK;1;2;CST;;2015-06-02 00:00:00;;;;
FO180030916146;;CB000180030916;146;13;2;G652;OK;2;2;CST;;2015-06-02 00:00:00;;;;
FO180030916147;;CB000180030916;147;13;3;G652;OK;3;2;CST;;2015-06-02 00:00:00;;;;
FO180030916148;;CB000180030916;148;13;4;G652;OK;4;2;CST;;2015-06-02 00:00:00;;;;
FO180030916149;;CB000180030916;149;13;5;G652;OK;5;2;CST;;2015-06-02 00:00:00;;;;
FO180030916150;;CB000180030916;150;13;6;G652;OK;6;2;CST;;2015-06-02 00:00:00;;;;
FO180030916151;;CB000180030916;151;13;7;G652;OK;7;2;CST;;2015-06-02 00:00:00;;;;
FO180030916152;;CB000180030916;152;13;8;G652;OK;8;2;CST;;2015-06-02 00:00:00;;;;
FO180030916153;;CB000180030916;153;13;9;G652;OK;9;2;CST;;2015-06-02 00:00:00;;;;
FO180030916154;;CB000180030916;154;13;10;G652;OK;10;2;CST;;2015-06-02 00:00:00;;;;
FO180030916155;;CB000180030916;155;13;11;G652;OK;11;2;CST;;2015-06-02 00:00:00;;;;
FO180030916156;;CB000180030916;156;13;12;G652;OK;12;2;CST;;2015-06-02 00:00:00;;;;
FO180030916157;;CB000180030916;157;14;1;G652;OK;1;2;CST;;2015-06-02 00:00:00;;;;
FO180030916158;;CB000180030916;158;14;2;G652;OK;2;2;CST;;2015-06-02 00:00:00;;;;
FO180030916159;;CB000180030916;159;14;3;G652;OK;3;2;CST;;2015-06-02 00:00:00;;;;
FO180030916160;;CB000180030916;160;14;4;G652;OK;4;2;CST;;2015-06-02 00:00:00;;;;
FO180030916161;;CB000180030916;161;14;5;G652;OK;5;2;CST;;2015-06-02 00:00:00;;;;
FO180030916162;;CB000180030916;162;14;6;G652;OK;6;2;CST;;2015-06-02 00:00:00;;;;
FO180030916163;;CB000180030916;163;14;7;G652;OK;7;2;CST;;2015-06-02 00:00:00;;;;
FO180030916164;;CB000180030916;164;14;8;G652;OK;8;2;CST;;2015-06-02 00:00:00;;;;
FO180030916165;;CB000180030916;165;14;9;G652;OK;9;2;CST;;2015-06-02 00:00:00;;;;
FO180030916166;;CB000180030916;166;14;10;G652;OK;10;2;CST;;2015-06-02 00:00:00;;;;
FO180030916167;;CB000180030916;167;14;11;G652;OK;11;2;CST;;2015-06-02 00:00:00;;;;
FO180030916168;;CB000180030916;168;14;12;G652;OK;12;2;CST;;2015-06-02 00:00:00;;;;
FO180030916169;;CB000180030916;169;15;1;G652;OK;1;2;CST;;2015-06-02 00:00:00;;;;
FO180030916170;;CB000180030916;170;15;2;G652;OK;2;2;CST;;2015-06-02 00:00:00;;;;
FO180030916171;;CB000180030916;171;15;3;G652;OK;3;2;CST;;2015-06-02 00:00:00;;;;
FO180030916172;;CB000180030916;172;15;4;G652;OK;4;2;CST;;2015-06-02 00:00:00;;;;
FO180030916173;;CB000180030916;173;15;5;G652;OK;5;2;CST;;2015-06-02 00:00:00;;;;
FO180030916174;;CB000180030916;174;15;6;G652;OK;6;2;CST;;2015-06-02 00:00:00;;;;
FO180030916175;;CB000180030916;175;15;7;G652;OK;7;2;CST;;2015-06-02 00:00:00;;;;
FO180030916176;;CB000180030916;176;15;8;G652;OK;8;2;CST;;2015-06-02 00:00:00;;;;
FO180030916177;;CB000180030916;177;15;9;G652;OK;9;2;CST;;2015-06-02 00:00:00;;;;
FO180030916178;;CB000180030916;178;15;10;G652;OK;10;2;CST;;2015-06-02 00:00:00;;;;
FO180030916179;;CB000180030916;179;15;11;G652;OK;11;2;CST;;2015-06-02 00:00:00;;;;
FO180030916180;;CB000180030916;180;15;12;G652;OK;12;2;CST;;2015-06-02 00:00:00;;;;
FO180030916181;;CB000180030916;181;16;1;G652;OK;1;2;CST;;2015-06-02 00:00:00;;;;
FO180030916182;;CB000180030916;182;16;2;G652;OK;2;2;CST;;2015-06-02 00:00:00;;;;
FO180030916183;;CB000180030916;183;16;3;G652;OK;3;2;CST;;2015-06-02 00:00:00;;;;
FO180030916184;;CB000180030916;184;16;4;G652;OK;4;2;CST;;2015-06-02 00:00:00;;;;
FO180030916185;;CB000180030916;185;16;5;G652;OK;5;2;CST;;2015-06-02 00:00:00;;;;
FO180030916186;;CB000180030916;186;16;6;G652;OK;6;2;CST;;2015-06-02 00:00:00;;;;
FO180030916187;;CB000180030916;187;16;7;G652;OK;7;2;CST;;2015-06-02 00:00:00;;;;
FO180030916188;;CB000180030916;188;16;8;G652;OK;8;2;CST;;2015-06-02 00:00:00;;;;
FO180030916189;;CB000180030916;189;16;9;G652;OK;9;2;CST;;2015-06-02 00:00:00;;;;
FO180030916190;;CB000180030916;190;16;10;G652;OK;10;2;CST;;2015-06-02 00:00:00;;;;
FO180030916191;;CB000180030916;191;16;11;G652;OK;11;2;CST;;2015-06-02 00:00:00;;;;
FO180030916192;;CB000180030916;192;16;12;G652;OK;12;2;CST;;2015-06-02 00:00:00;;;;
FO180030916193;;CB000180030916;193;17;1;G652;OK;1;2;CST;;2015-06-02 00:00:00;;;;
FO180030916194;;CB000180030916;194;17;2;G652;OK;2;2;CST;;2015-06-02 00:00:00;;;;
FO180030916195;;CB000180030916;195;17;3;G652;OK;3;2;CST;;2015-06-02 00:00:00;;;;
FO180030916196;;CB000180030916;196;17;4;G652;OK;4;2;CST;;2015-06-02 00:00:00;;;;
FO180030916197;;CB000180030916;197;17;5;G652;OK;5;2;CST;;2015-06-02 00:00:00;;;;
FO180030916198;;CB000180030916;198;17;6;G652;OK;6;2;CST;;2015-06-02 00:00:00;;;;
FO180030916199;;CB000180030916;199;17;7;G652;OK;7;2;CST;;2015-06-02 00:00:00;;;;
FO180030916200;;CB000180030916;200;17;8;G652;OK;8;2;CST;;2015-06-02 00:00:00;;;;
FO180030916201;;CB000180030916;201;17;9;G652;OK;9;2;CST;;2015-06-02 00:00:00;;;;
FO180030916202;;CB000180030916;202;17;10;G652;OK;10;2;CST;;2015-06-02 00:00:00;;;;
FO180030916203;;CB000180030916;203;17;11;G652;OK;11;2;CST;;2015-06-02 00:00:00;;;;
FO180030916204;;CB000180030916;204;17;12;G652;OK;12;2;CST;;2015-06-02 00:00:00;;;;
FO180030916205;;CB000180030916;205;18;1;G652;OK;1;2;CST;;2015-06-02 00:00:00;;;;
FO180030916206;;CB000180030916;206;18;2;G652;OK;2;2;CST;;2015-06-02 00:00:00;;;;
FO180030916207;;CB000180030916;207;18;3;G652;OK;3;2;CST;;2015-06-02 00:00:00;;;;
FO180030916208;;CB000180030916;208;18;4;G652;OK;4;2;CST;;2015-06-02 00:00:00;;;;
FO180030916209;;CB000180030916;209;18;5;G652;OK;5;2;CST;;2015-06-02 00:00:00;;;;
FO180030916210;;CB000180030916;210;18;6;G652;OK;6;2;CST;;2015-06-02 00:00:00;;;;
FO180030916211;;CB000180030916;211;18;7;G652;OK;7;2;CST;;2015-06-02 00:00:00;;;;
FO180030916212;;CB000180030916;212;18;8;G652;OK;8;2;CST;;2015-06-02 00:00:00;;;;
FO180030916213;;CB000180030916;213;18;9;G652;OK;9;2;CST;;2015-06-02 00:00:00;;;;
FO180030916214;;CB000180030916;214;18;10;G652;OK;10;2;CST;;2015-06-02 00:00:00;;;;
FO180030916215;;CB000180030916;215;18;11;G652;OK;11;2;CST;;2015-06-02 00:00:00;;;;
FO180030916216;;CB000180030916;216;18;12;G652;OK;12;2;CST;;2015-06-02 00:00:00;;;;
FO180030916217;;CB000180030916;217;19;1;G652;OK;1;2;CST;;2015-06-02 00:00:00;;;;
FO180030916218;;CB000180030916;218;19;2;G652;OK;2;2;CST;;2015-06-02 00:00:00;;;;
FO180030916219;;CB000180030916;219;19;3;G652;OK;3;2;CST;;2015-06-02 00:00:00;;;;
FO180030916220;;CB000180030916;220;19;4;G652;OK;4;2;CST;;2015-06-02 00:00:00;;;;
FO180030916221;;CB000180030916;221;19;5;G652;OK;5;2;CST;;2015-06-02 00:00:00;;;;
FO180030916222;;CB000180030916;222;19;6;G652;OK;6;2;CST;;2015-06-02 00:00:00;;;;
FO180030916223;;CB000180030916;223;19;7;G652;OK;7;2;CST;;2015-06-02 00:00:00;;;;
FO180030916224;;CB000180030916;224;19;8;G652;OK;8;2;CST;;2015-06-02 00:00:00;;;;
FO180030916225;;CB000180030916;225;19;9;G652;OK;9;2;CST;;2015-06-02 00:00:00;;;;
FO180030916226;;CB000180030916;226;19;10;G652;OK;10;2;CST;;2015-06-02 00:00:00;;;;
FO180030916227;;CB000180030916;227;19;11;G652;OK;11;2;CST;;2015-06-02 00:00:00;;;;
FO180030916228;;CB000180030916;228;19;12;G652;OK;12;2;CST;;2015-06-02 00:00:00;;;;
FO180030916229;;CB000180030916;229;20;1;G652;OK;1;2;CST;;2015-06-02 00:00:00;;;;
FO180030916230;;CB000180030916;230;20;2;G652;OK;2;2;CST;;2015-06-02 00:00:00;;;;
FO180030916231;;CB000180030916;231;20;3;G652;OK;3;2;CST;;2015-06-02 00:00:00;;;;
FO180030916232;;CB000180030916;232;20;4;G652;OK;4;2;CST;;2015-06-02 00:00:00;;;;
FO180030916233;;CB000180030916;233;20;5;G652;OK;5;2;CST;;2015-06-02 00:00:00;;;;
FO180030916234;;CB000180030916;234;20;6;G652;OK;6;2;CST;;2015-06-02 00:00:00;;;;
FO180030916235;;CB000180030916;235;20;7;G652;OK;7;2;CST;;2015-06-02 00:00:00;;;;
FO180030916236;;CB000180030916;236;20;8;G652;OK;8;2;CST;;2015-06-02 00:00:00;;;;
FO180030916237;;CB000180030916;237;20;9;G652;OK;9;2;CST;;2015-06-02 00:00:00;;;;
FO180030916238;;CB000180030916;238;20;10;G652;OK;10;2;CST;;2015-06-02 00:00:00;;;;
FO180030916239;;CB000180030916;239;20;11;G652;OK;11;2;CST;;2015-06-02 00:00:00;;;;
FO180030916240;;CB000180030916;240;20;12;G652;OK;12;2;CST;;2015-06-02 00:00:00;;;;
FO180030916241;;CB000180030916;241;21;1;G652;OK;1;2;CST;;2015-06-02 00:00:00;;;;
FO180030916242;;CB000180030916;242;21;2;G652;OK;2;2;CST;;2015-06-02 00:00:00;;;;
FO180030916243;;CB000180030916;243;21;3;G652;OK;3;2;CST;;2015-06-02 00:00:00;;;;
FO180030916244;;CB000180030916;244;21;4;G652;OK;4;2;CST;;2015-06-02 00:00:00;;;;
FO180030916245;;CB000180030916;245;21;5;G652;OK;5;2;CST;;2015-06-02 00:00:00;;;;
FO180030916246;;CB000180030916;246;21;6;G652;OK;6;2;CST;;2015-06-02 00:00:00;;;;
FO180030916247;;CB000180030916;247;21;7;G652;OK;7;2;CST;;2015-06-02 00:00:00;;;;
FO180030916248;;CB000180030916;248;21;8;G652;OK;8;2;CST;;2015-06-02 00:00:00;;;;
FO180030916249;;CB000180030916;249;21;9;G652;OK;9;2;CST;;2015-06-02 00:00:00;;;;
FO180030916250;;CB000180030916;250;21;10;G652;OK;10;2;CST;;2015-06-02 00:00:00;;;;
FO180030916251;;CB000180030916;251;21;11;G652;OK;11;2;CST;;2015-06-02 00:00:00;;;;
FO180030916252;;CB000180030916;252;21;12;G652;OK;12;2;CST;;2015-06-02 00:00:00;;;;
FO180030916253;;CB000180030916;253;22;1;G652;OK;1;2;CST;;2015-06-02 00:00:00;;;;
FO180030916254;;CB000180030916;254;22;2;G652;OK;2;2;CST;;2015-06-02 00:00:00;;;;
FO180030916255;;CB000180030916;255;22;3;G652;OK;3;2;CST;;2015-06-02 00:00:00;;;;
FO180030916256;;CB000180030916;256;22;4;G652;OK;4;2;CST;;2015-06-02 00:00:00;;;;
FO180030916257;;CB000180030916;257;22;5;G652;OK;5;2;CST;;2015-06-02 00:00:00;;;;
FO180030916258;;CB000180030916;258;22;6;G652;OK;6;2;CST;;2015-06-02 00:00:00;;;;
FO180030916259;;CB000180030916;259;22;7;G652;OK;7;2;CST;;2015-06-02 00:00:00;;;;
FO180030916260;;CB000180030916;260;22;8;G652;OK;8;2;CST;;2015-06-02 00:00:00;;;;
FO180030916261;;CB000180030916;261;22;9;G652;OK;9;2;CST;;2015-06-02 00:00:00;;;;
FO180030916262;;CB000180030916;262;22;10;G652;OK;10;2;CST;;2015-06-02 00:00:00;;;;
FO180030916263;;CB000180030916;263;22;11;G652;OK;11;2;CST;;2015-06-02 00:00:00;;;;
FO180030916264;;CB000180030916;264;22;12;G652;OK;12;2;CST;;2015-06-02 00:00:00;;;;
FO180030916265;;CB000180030916;265;23;1;G652;OK;1;2;CST;;2015-06-02 00:00:00;;;;
FO180030916266;;CB000180030916;266;23;2;G652;OK;2;2;CST;;2015-06-02 00:00:00;;;;
FO180030916267;;CB000180030916;267;23;3;G652;OK;3;2;CST;;2015-06-02 00:00:00;;;;
FO180030916268;;CB000180030916;268;23;4;G652;OK;4;2;CST;;2015-06-02 00:00:00;;;;
FO180030916269;;CB000180030916;269;23;5;G652;OK;5;2;CST;;2015-06-02 00:00:00;;;;
FO180030916270;;CB000180030916;270;23;6;G652;OK;6;2;CST;;2015-06-02 00:00:00;;;;
FO180030916271;;CB000180030916;271;23;7;G652;OK;7;2;CST;;2015-06-02 00:00:00;;;;
FO180030916272;;CB000180030916;272;23;8;G652;OK;8;2;CST;;2015-06-02 00:00:00;;;;
FO180030916273;;CB000180030916;273;23;9;G652;OK;9;2;CST;;2015-06-02 00:00:00;;;;
FO180030916274;;CB000180030916;274;23;10;G652;OK;10;2;CST;;2015-06-02 00:00:00;;;;
FO180030916275;;CB000180030916;275;23;11;G652;OK;11;2;CST;;2015-06-02 00:00:00;;;;
FO180030916276;;CB000180030916;276;23;12;G652;OK;12;2;CST;;2015-06-02 00:00:00;;;;
FO180030916277;;CB000180030916;277;24;1;G652;OK;1;2;CST;;2015-06-02 00:00:00;;;;
FO180030916278;;CB000180030916;278;24;2;G652;OK;2;2;CST;;2015-06-02 00:00:00;;;;
FO180030916279;;CB000180030916;279;24;3;G652;OK;3;2;CST;;2015-06-02 00:00:00;;;;
FO180030916280;;CB000180030916;280;24;4;G652;OK;4;2;CST;;2015-06-02 00:00:00;;;;
FO180030916281;;CB000180030916;281;24;5;G652;OK;5;2;CST;;2015-06-02 00:00:00;;;;
FO180030916282;;CB000180030916;282;24;6;G652;OK;6;2;CST;;2015-06-02 00:00:00;;;;
FO180030916283;;CB000180030916;283;24;7;G652;OK;7;2;CST;;2015-06-02 00:00:00;;;;
FO180030916284;;CB000180030916;284;24;8;G652;OK;8;2;CST;;2015-06-02 00:00:00;;;;
FO180030916285;;CB000180030916;285;24;9;G652;OK;9;2;CST;;2015-06-02 00:00:00;;;;
FO180030916286;;CB000180030916;286;24;10;G652;OK;10;2;CST;;2015-06-02 00:00:00;;;;
FO180030916287;;CB000180030916;287;24;11;G652;OK;11;2;CST;;2015-06-02 00:00:00;;;;
FO180030916288;;CB000180030916;288;24;12;G652;OK;12;2;CST;;2015-06-02 00:00:00;;;;
FO180030916289;;CB000180030916;289;25;1;G652;OK;1;3;CST;;2015-06-02 00:00:00;;;;
FO180030916290;;CB000180030916;290;25;2;G652;OK;2;3;CST;;2015-06-02 00:00:00;;;;
FO180030916291;;CB000180030916;291;25;3;G652;OK;3;3;CST;;2015-06-02 00:00:00;;;;
FO180030916292;;CB000180030916;292;25;4;G652;OK;4;3;CST;;2015-06-02 00:00:00;;;;
FO180030916293;;CB000180030916;293;25;5;G652;OK;5;3;CST;;2015-06-02 00:00:00;;;;
FO180030916294;;CB000180030916;294;25;6;G652;OK;6;3;CST;;2015-06-02 00:00:00;;;;
FO180030916295;;CB000180030916;295;25;7;G652;OK;7;3;CST;;2015-06-02 00:00:00;;;;
FO180030916296;;CB000180030916;296;25;8;G652;OK;8;3;CST;;2015-06-02 00:00:00;;;;
FO180030916297;;CB000180030916;297;25;9;G652;OK;9;3;CST;;2015-06-02 00:00:00;;;;
FO180030916298;;CB000180030916;298;25;10;G652;OK;10;3;CST;;2015-06-02 00:00:00;;;;
FO180030916299;;CB000180030916;299;25;11;G652;OK;11;3;CST;;2015-06-02 00:00:00;;;;
FO180030916300;;CB000180030916;300;25;12;G652;OK;12;3;CST;;2015-06-02 00:00:00;;;;
FO180030916301;;CB000180030916;301;26;1;G652;OK;1;3;CST;;2015-06-02 00:00:00;;;;
FO180030916302;;CB000180030916;302;26;2;G652;OK;2;3;CST;;2015-06-02 00:00:00;;;;
FO180030916303;;CB000180030916;303;26;3;G652;OK;3;3;CST;;2015-06-02 00:00:00;;;;
FO180030916304;;CB000180030916;304;26;4;G652;OK;4;3;CST;;2015-06-02 00:00:00;;;;
FO180030916305;;CB000180030916;305;26;5;G652;OK;5;3;CST;;2015-06-02 00:00:00;;;;
FO180030916306;;CB000180030916;306;26;6;G652;OK;6;3;CST;;2015-06-02 00:00:00;;;;
FO180030916307;;CB000180030916;307;26;7;G652;OK;7;3;CST;;2015-06-02 00:00:00;;;;
FO180030916308;;CB000180030916;308;26;8;G652;OK;8;3;CST;;2015-06-02 00:00:00;;;;
FO180030916309;;CB000180030916;309;26;9;G652;OK;9;3;CST;;2015-06-02 00:00:00;;;;
FO180030916310;;CB000180030916;310;26;10;G652;OK;10;3;CST;;2015-06-02 00:00:00;;;;
FO180030916311;;CB000180030916;311;26;11;G652;OK;11;3;CST;;2015-06-02 00:00:00;;;;
FO180030916312;;CB000180030916;312;26;12;G652;OK;12;3;CST;;2015-06-02 00:00:00;;;;
FO180030916313;;CB000180030916;313;27;1;G652;OK;1;3;CST;;2015-06-02 00:00:00;;;;
FO180030916314;;CB000180030916;314;27;2;G652;OK;2;3;CST;;2015-06-02 00:00:00;;;;
FO180030916315;;CB000180030916;315;27;3;G652;OK;3;3;CST;;2015-06-02 00:00:00;;;;
FO180030916316;;CB000180030916;316;27;4;G652;OK;4;3;CST;;2015-06-02 00:00:00;;;;
FO180030916317;;CB000180030916;317;27;5;G652;OK;5;3;CST;;2015-06-02 00:00:00;;;;
FO180030916318;;CB000180030916;318;27;6;G652;OK;6;3;CST;;2015-06-02 00:00:00;;;;
FO180030916319;;CB000180030916;319;27;7;G652;OK;7;3;CST;;2015-06-02 00:00:00;;;;
FO180030916320;;CB000180030916;320;27;8;G652;OK;8;3;CST;;2015-06-02 00:00:00;;;;
FO180030916321;;CB000180030916;321;27;9;G652;OK;9;3;CST;;2015-06-02 00:00:00;;;;
FO180030916322;;CB000180030916;322;27;10;G652;OK;10;3;CST;;2015-06-02 00:00:00;;;;
FO180030916323;;CB000180030916;323;27;11;G652;OK;11;3;CST;;2015-06-02 00:00:00;;;;
FO180030916324;;CB000180030916;324;27;12;G652;OK;12;3;CST;;2015-06-02 00:00:00;;;;
FO180030916325;;CB000180030916;325;28;1;G652;OK;1;3;CST;;2015-06-02 00:00:00;;;;
FO180030916326;;CB000180030916;326;28;2;G652;OK;2;3;CST;;2015-06-02 00:00:00;;;;
FO180030916327;;CB000180030916;327;28;3;G652;OK;3;3;CST;;2015-06-02 00:00:00;;;;
FO180030916328;;CB000180030916;328;28;4;G652;OK;4;3;CST;;2015-06-02 00:00:00;;;;
FO180030916329;;CB000180030916;329;28;5;G652;OK;5;3;CST;;2015-06-02 00:00:00;;;;
FO180030916330;;CB000180030916;330;28;6;G652;OK;6;3;CST;;2015-06-02 00:00:00;;;;
FO180030916331;;CB000180030916;331;28;7;G652;OK;7;3;CST;;2015-06-02 00:00:00;;;;
FO180030916332;;CB000180030916;332;28;8;G652;OK;8;3;CST;;2015-06-02 00:00:00;;;;
FO180030916333;;CB000180030916;333;28;9;G652;OK;9;3;CST;;2015-06-02 00:00:00;;;;
FO180030916334;;CB000180030916;334;28;10;G652;OK;10;3;CST;;2015-06-02 00:00:00;;;;
FO180030916335;;CB000180030916;335;28;11;G652;OK;11;3;CST;;2015-06-02 00:00:00;;;;
FO180030916336;;CB000180030916;336;28;12;G652;OK;12;3;CST;;2015-06-02 00:00:00;;;;
FO180030916337;;CB000180030916;337;29;1;G652;OK;1;3;CST;;2015-06-02 00:00:00;;;;
FO180030916338;;CB000180030916;338;29;2;G652;OK;2;3;CST;;2015-06-02 00:00:00;;;;
FO180030916339;;CB000180030916;339;29;3;G652;OK;3;3;CST;;2015-06-02 00:00:00;;;;
FO180030916340;;CB000180030916;340;29;4;G652;OK;4;3;CST;;2015-06-02 00:00:00;;;;
FO180030916341;;CB000180030916;341;29;5;G652;OK;5;3;CST;;2015-06-02 00:00:00;;;;
FO180030916342;;CB000180030916;342;29;6;G652;OK;6;3;CST;;2015-06-02 00:00:00;;;;
FO180030916343;;CB000180030916;343;29;7;G652;OK;7;3;CST;;2015-06-02 00:00:00;;;;
FO180030916344;;CB000180030916;344;29;8;G652;OK;8;3;CST;;2015-06-02 00:00:00;;;;
FO180030916345;;CB000180030916;345;29;9;G652;OK;9;3;CST;;2015-06-02 00:00:00;;;;
FO180030916346;;CB000180030916;346;29;10;G652;OK;10;3;CST;;2015-06-02 00:00:00;;;;
FO180030916347;;CB000180030916;347;29;11;G652;OK;11;3;CST;;2015-06-02 00:00:00;;;;
FO180030916348;;CB000180030916;348;29;12;G652;OK;12;3;CST;;2015-06-02 00:00:00;;;;
FO180030916349;;CB000180030916;349;30;1;G652;OK;1;3;CST;;2015-06-02 00:00:00;;;;
FO180030916350;;CB000180030916;350;30;2;G652;OK;2;3;CST;;2015-06-02 00:00:00;;;;
FO180030916351;;CB000180030916;351;30;3;G652;OK;3;3;CST;;2015-06-02 00:00:00;;;;
FO180030916352;;CB000180030916;352;30;4;G652;OK;4;3;CST;;2015-06-02 00:00:00;;;;
FO180030916353;;CB000180030916;353;30;5;G652;OK;5;3;CST;;2015-06-02 00:00:00;;;;
FO180030916354;;CB000180030916;354;30;6;G652;OK;6;3;CST;;2015-06-02 00:00:00;;;;
FO180030916355;;CB000180030916;355;30;7;G652;OK;7;3;CST;;2015-06-02 00:00:00;;;;
FO180030916356;;CB000180030916;356;30;8;G652;OK;8;3;CST;;2015-06-02 00:00:00;;;;
FO180030916357;;CB000180030916;357;30;9;G652;OK;9;3;CST;;2015-06-02 00:00:00;;;;
FO180030916358;;CB000180030916;358;30;10;G652;OK;10;3;CST;;2015-06-02 00:00:00;;;;
FO180030916359;;CB000180030916;359;30;11;G652;OK;11;3;CST;;2015-06-02 00:00:00;;;;
FO180030916360;;CB000180030916;360;30;12;G652;OK;12;3;CST;;2015-06-02 00:00:00;;;;
FO180030916361;;CB000180030916;361;31;1;G652;OK;1;3;CST;;2015-06-02 00:00:00;;;;
FO180030916362;;CB000180030916;362;31;2;G652;OK;2;3;CST;;2015-06-02 00:00:00;;;;
FO180030916363;;CB000180030916;363;31;3;G652;OK;3;3;CST;;2015-06-02 00:00:00;;;;
FO180030916364;;CB000180030916;364;31;4;G652;OK;4;3;CST;;2015-06-02 00:00:00;;;;
FO180030916365;;CB000180030916;365;31;5;G652;OK;5;3;CST;;2015-06-02 00:00:00;;;;
FO180030916366;;CB000180030916;366;31;6;G652;OK;6;3;CST;;2015-06-02 00:00:00;;;;
FO180030916367;;CB000180030916;367;31;7;G652;OK;7;3;CST;;2015-06-02 00:00:00;;;;
FO180030916368;;CB000180030916;368;31;8;G652;OK;8;3;CST;;2015-06-02 00:00:00;;;;
FO180030916369;;CB000180030916;369;31;9;G652;OK;9;3;CST;;2015-06-02 00:00:00;;;;
FO180030916370;;CB000180030916;370;31;10;G652;OK;10;3;CST;;2015-06-02 00:00:00;;;;
FO180030916371;;CB000180030916;371;31;11;G652;OK;11;3;CST;;2015-06-02 00:00:00;;;;
FO180030916372;;CB000180030916;372;31;12;G652;OK;12;3;CST;;2015-06-02 00:00:00;;;;
FO180030916373;;CB000180030916;373;32;1;G652;OK;1;3;CST;;2015-06-02 00:00:00;;;;
FO180030916374;;CB000180030916;374;32;2;G652;OK;2;3;CST;;2015-06-02 00:00:00;;;;
FO180030916375;;CB000180030916;375;32;3;G652;OK;3;3;CST;;2015-06-02 00:00:00;;;;
FO180030916376;;CB000180030916;376;32;4;G652;OK;4;3;CST;;2015-06-02 00:00:00;;;;
FO180030916377;;CB000180030916;377;32;5;G652;OK;5;3;CST;;2015-06-02 00:00:00;;;;
FO180030916378;;CB000180030916;378;32;6;G652;OK;6;3;CST;;2015-06-02 00:00:00;;;;
FO180030916379;;CB000180030916;379;32;7;G652;OK;7;3;CST;;2015-06-02 00:00:00;;;;
FO180030916380;;CB000180030916;380;32;8;G652;OK;8;3;CST;;2015-06-02 00:00:00;;;;
FO180030916381;;CB000180030916;381;32;9;G652;OK;9;3;CST;;2015-06-02 00:00:00;;;;
FO180030916382;;CB000180030916;382;32;10;G652;OK;10;3;CST;;2015-06-02 00:00:00;;;;
FO180030916383;;CB000180030916;383;32;11;G652;OK;11;3;CST;;2015-06-02 00:00:00;;;;
FO180030916384;;CB000180030916;384;32;12;G652;OK;12;3;CST;;2015-06-02 00:00:00;;;;
FO180030916385;;CB000180030916;385;33;1;G652;OK;1;3;CST;;2015-06-02 00:00:00;;;;
FO180030916386;;CB000180030916;386;33;2;G652;OK;2;3;CST;;2015-06-02 00:00:00;;;;
FO180030916387;;CB000180030916;387;33;3;G652;OK;3;3;CST;;2015-06-02 00:00:00;;;;
FO180030916388;;CB000180030916;388;33;4;G652;OK;4;3;CST;;2015-06-02 00:00:00;;;;
FO180030916389;;CB000180030916;389;33;5;G652;OK;5;3;CST;;2015-06-02 00:00:00;;;;
FO180030916390;;CB000180030916;390;33;6;G652;OK;6;3;CST;;2015-06-02 00:00:00;;;;
FO180030916391;;CB000180030916;391;33;7;G652;OK;7;3;CST;;2015-06-02 00:00:00;;;;
FO180030916392;;CB000180030916;392;33;8;G652;OK;8;3;CST;;2015-06-02 00:00:00;;;;
FO180030916393;;CB000180030916;393;33;9;G652;OK;9;3;CST;;2015-06-02 00:00:00;;;;
FO180030916394;;CB000180030916;394;33;10;G652;OK;10;3;CST;;2015-06-02 00:00:00;;;;
FO180030916395;;CB000180030916;395;33;11;G652;OK;11;3;CST;;2015-06-02 00:00:00;;;;
FO180030916396;;CB000180030916;396;33;12;G652;OK;12;3;CST;;2015-06-02 00:00:00;;;;
FO180030916397;;CB000180030916;397;34;1;G652;OK;1;3;CST;;2015-06-02 00:00:00;;;;
FO180030916398;;CB000180030916;398;34;2;G652;OK;2;3;CST;;2015-06-02 00:00:00;;;;
FO180030916399;;CB000180030916;399;34;3;G652;OK;3;3;CST;;2015-06-02 00:00:00;;;;
FO180030916400;;CB000180030916;400;34;4;G652;OK;4;3;CST;;2015-06-02 00:00:00;;;;
FO180030916401;;CB000180030916;401;34;5;G652;OK;5;3;CST;;2015-06-02 00:00:00;;;;
FO180030916402;;CB000180030916;402;34;6;G652;OK;6;3;CST;;2015-06-02 00:00:00;;;;
FO180030916403;;CB000180030916;403;34;7;G652;OK;7;3;CST;;2015-06-02 00:00:00;;;;
FO180030916404;;CB000180030916;404;34;8;G652;OK;8;3;CST;;2015-06-02 00:00:00;;;;
FO180030916405;;CB000180030916;405;34;9;G652;OK;9;3;CST;;2015-06-02 00:00:00;;;;
FO180030916406;;CB000180030916;406;34;10;G652;OK;10;3;CST;;2015-06-02 00:00:00;;;;
FO180030916407;;CB000180030916;407;34;11;G652;OK;11;3;CST;;2015-06-02 00:00:00;;;;
FO180030916408;;CB000180030916;408;34;12;G652;OK;12;3;CST;;2015-06-02 00:00:00;;;;
FO180030916409;;CB000180030916;409;35;1;G652;OK;1;3;CST;;2015-06-02 00:00:00;;;;
FO180030916410;;CB000180030916;410;35;2;G652;OK;2;3;CST;;2015-06-02 00:00:00;;;;
FO180030916411;;CB000180030916;411;35;3;G652;OK;3;3;CST;;2015-06-02 00:00:00;;;;
FO180030916412;;CB000180030916;412;35;4;G652;OK;4;3;CST;;2015-06-02 00:00:00;;;;
FO180030916413;;CB000180030916;413;35;5;G652;OK;5;3;CST;;2015-06-02 00:00:00;;;;
FO180030916414;;CB000180030916;414;35;6;G652;OK;6;3;CST;;2015-06-02 00:00:00;;;;
FO180030916415;;CB000180030916;415;35;7;G652;OK;7;3;CST;;2015-06-02 00:00:00;;;;
FO180030916416;;CB000180030916;416;35;8;G652;OK;8;3;CST;;2015-06-02 00:00:00;;;;
FO180030916417;;CB000180030916;417;35;9;G652;OK;9;3;CST;;2015-06-02 00:00:00;;;;
FO180030916418;;CB000180030916;418;35;10;G652;OK;10;3;CST;;2015-06-02 00:00:00;;;;
FO180030916419;;CB000180030916;419;35;11;G652;OK;11;3;CST;;2015-06-02 00:00:00;;;;
FO180030916420;;CB000180030916;420;35;12;G652;OK;12;3;CST;;2015-06-02 00:00:00;;;;
FO180030916421;;CB000180030916;421;36;1;G652;OK;1;3;CST;;2015-06-02 00:00:00;;;;
FO180030916422;;CB000180030916;422;36;2;G652;OK;2;3;CST;;2015-06-02 00:00:00;;;;
FO180030916423;;CB000180030916;423;36;3;G652;OK;3;3;CST;;2015-06-02 00:00:00;;;;
FO180030916424;;CB000180030916;424;36;4;G652;OK;4;3;CST;;2015-06-02 00:00:00;;;;
FO180030916425;;CB000180030916;425;36;5;G652;OK;5;3;CST;;2015-06-02 00:00:00;;;;
FO180030916426;;CB000180030916;426;36;6;G652;OK;6;3;CST;;2015-06-02 00:00:00;;;;
FO180030916427;;CB000180030916;427;36;7;G652;OK;7;3;CST;;2015-06-02 00:00:00;;;;
FO180030916428;;CB000180030916;428;36;8;G652;OK;8;3;CST;;2015-06-02 00:00:00;;;;
FO180030916429;;CB000180030916;429;36;9;G652;OK;9;3;CST;;2015-06-02 00:00:00;;;;
FO180030916430;;CB000180030916;430;36;10;G652;OK;10;3;CST;;2015-06-02 00:00:00;;;;
FO180030916431;;CB000180030916;431;36;11;G652;OK;11;3;CST;;2015-06-02 00:00:00;;;;
FO180030916432;;CB000180030916;432;36;12;G652;OK;12;3;CST;;2015-06-02 00:00:00;;;;
FO180030916433;;CB000180030916;433;37;1;G652;OK;1;4;CST;;2015-06-02 00:00:00;;;;
FO180030916434;;CB000180030916;434;37;2;G652;OK;2;4;CST;;2015-06-02 00:00:00;;;;
FO180030916435;;CB000180030916;435;37;3;G652;OK;3;4;CST;;2015-06-02 00:00:00;;;;
FO180030916436;;CB000180030916;436;37;4;G652;OK;4;4;CST;;2015-06-02 00:00:00;;;;
FO180030916437;;CB000180030916;437;37;5;G652;OK;5;4;CST;;2015-06-02 00:00:00;;;;
FO180030916438;;CB000180030916;438;37;6;G652;OK;6;4;CST;;2015-06-02 00:00:00;;;;
FO180030916439;;CB000180030916;439;37;7;G652;OK;7;4;CST;;2015-06-02 00:00:00;;;;
FO180030916440;;CB000180030916;440;37;8;G652;OK;8;4;CST;;2015-06-02 00:00:00;;;;
FO180030916441;;CB000180030916;441;37;9;G652;OK;9;4;CST;;2015-06-02 00:00:00;;;;
FO180030916442;;CB000180030916;442;37;10;G652;OK;10;4;CST;;2015-06-02 00:00:00;;;;
FO180030916443;;CB000180030916;443;37;11;G652;OK;11;4;CST;;2015-06-02 00:00:00;;;;
FO180030916444;;CB000180030916;444;37;12;G652;OK;12;4;CST;;2015-06-02 00:00:00;;;;
FO180030916445;;CB000180030916;445;38;1;G652;OK;1;4;CST;;2015-06-02 00:00:00;;;;
FO180030916446;;CB000180030916;446;38;2;G652;OK;2;4;CST;;2015-06-02 00:00:00;;;;
FO180030916447;;CB000180030916;447;38;3;G652;OK;3;4;CST;;2015-06-02 00:00:00;;;;
FO180030916448;;CB000180030916;448;38;4;G652;OK;4;4;CST;;2015-06-02 00:00:00;;;;
FO180030916449;;CB000180030916;449;38;5;G652;OK;5;4;CST;;2015-06-02 00:00:00;;;;
FO180030916450;;CB000180030916;450;38;6;G652;OK;6;4;CST;;2015-06-02 00:00:00;;;;
FO180030916451;;CB000180030916;451;38;7;G652;OK;7;4;CST;;2015-06-02 00:00:00;;;;
FO180030916452;;CB000180030916;452;38;8;G652;OK;8;4;CST;;2015-06-02 00:00:00;;;;
FO180030916453;;CB000180030916;453;38;9;G652;OK;9;4;CST;;2015-06-02 00:00:00;;;;
FO180030916454;;CB000180030916;454;38;10;G652;OK;10;4;CST;;2015-06-02 00:00:00;;;;
FO180030916455;;CB000180030916;455;38;11;G652;OK;11;4;CST;;2015-06-02 00:00:00;;;;
FO180030916456;;CB000180030916;456;38;12;G652;OK;12;4;CST;;2015-06-02 00:00:00;;;;
FO180030916457;;CB000180030916;457;39;1;G652;OK;1;4;CST;;2015-06-02 00:00:00;;;;
FO180030916458;;CB000180030916;458;39;2;G652;OK;2;4;CST;;2015-06-02 00:00:00;;;;
FO180030916459;;CB000180030916;459;39;3;G652;OK;3;4;CST;;2015-06-02 00:00:00;;;;
FO180030916460;;CB000180030916;460;39;4;G652;OK;4;4;CST;;2015-06-02 00:00:00;;;;
FO180030916461;;CB000180030916;461;39;5;G652;OK;5;4;CST;;2015-06-02 00:00:00;;;;
FO180030916462;;CB000180030916;462;39;6;G652;OK;6;4;CST;;2015-06-02 00:00:00;;;;
FO180030916463;;CB000180030916;463;39;7;G652;OK;7;4;CST;;2015-06-02 00:00:00;;;;
FO180030916464;;CB000180030916;464;39;8;G652;OK;8;4;CST;;2015-06-02 00:00:00;;;;
FO180030916465;;CB000180030916;465;39;9;G652;OK;9;4;CST;;2015-06-02 00:00:00;;;;
FO180030916466;;CB000180030916;466;39;10;G652;OK;10;4;CST;;2015-06-02 00:00:00;;;;
FO180030916467;;CB000180030916;467;39;11;G652;OK;11;4;CST;;2015-06-02 00:00:00;;;;
FO180030916468;;CB000180030916;468;39;12;G652;OK;12;4;CST;;2015-06-02 00:00:00;;;;
FO180030916469;;CB000180030916;469;40;1;G652;OK;1;4;CST;;2015-06-02 00:00:00;;;;
FO180030916470;;CB000180030916;470;40;2;G652;OK;2;4;CST;;2015-06-02 00:00:00;;;;
FO180030916471;;CB000180030916;471;40;3;G652;OK;3;4;CST;;2015-06-02 00:00:00;;;;
FO180030916472;;CB000180030916;472;40;4;G652;OK;4;4;CST;;2015-06-02 00:00:00;;;;
FO180030916473;;CB000180030916;473;40;5;G652;OK;5;4;CST;;2015-06-02 00:00:00;;;;
FO180030916474;;CB000180030916;474;40;6;G652;OK;6;4;CST;;2015-06-02 00:00:00;;;;
FO180030916475;;CB000180030916;475;40;7;G652;OK;7;4;CST;;2015-06-02 00:00:00;;;;
FO180030916476;;CB000180030916;476;40;8;G652;OK;8;4;CST;;2015-06-02 00:00:00;;;;
FO180030916477;;CB000180030916;477;40;9;G652;OK;9;4;CST;;2015-06-02 00:00:00;;;;
FO180030916478;;CB000180030916;478;40;10;G652;OK;10;4;CST;;2015-06-02 00:00:00;;;;
FO180030916479;;CB000180030916;479;40;11;G652;OK;11;4;CST;;2015-06-02 00:00:00;;;;
FO180030916480;;CB000180030916;480;40;12;G652;OK;12;4;CST;;2015-06-02 00:00:00;;;;
FO180030916481;;CB000180030916;481;41;1;G652;OK;1;4;CST;;2015-06-02 00:00:00;;;;
FO180030916482;;CB000180030916;482;41;2;G652;OK;2;4;CST;;2015-06-02 00:00:00;;;;
FO180030916483;;CB000180030916;483;41;3;G652;OK;3;4;CST;;2015-06-02 00:00:00;;;;
FO180030916484;;CB000180030916;484;41;4;G652;OK;4;4;CST;;2015-06-02 00:00:00;;;;
FO180030916485;;CB000180030916;485;41;5;G652;OK;5;4;CST;;2015-06-02 00:00:00;;;;
FO180030916486;;CB000180030916;486;41;6;G652;OK;6;4;CST;;2015-06-02 00:00:00;;;;
FO180030916487;;CB000180030916;487;41;7;G652;OK;7;4;CST;;2015-06-02 00:00:00;;;;
FO180030916488;;CB000180030916;488;41;8;G652;OK;8;4;CST;;2015-06-02 00:00:00;;;;
FO180030916489;;CB000180030916;489;41;9;G652;OK;9;4;CST;;2015-06-02 00:00:00;;;;
FO180030916490;;CB000180030916;490;41;10;G652;OK;10;4;CST;;2015-06-02 00:00:00;;;;
FO180030916491;;CB000180030916;491;41;11;G652;OK;11;4;CST;;2015-06-02 00:00:00;;;;
FO180030916492;;CB000180030916;492;41;12;G652;OK;12;4;CST;;2015-06-02 00:00:00;;;;
FO180030916493;;CB000180030916;493;42;1;G652;OK;1;4;CST;;2015-06-02 00:00:00;;;;
FO180030916494;;CB000180030916;494;42;2;G652;OK;2;4;CST;;2015-06-02 00:00:00;;;;
FO180030916495;;CB000180030916;495;42;3;G652;OK;3;4;CST;;2015-06-02 00:00:00;;;;
FO180030916496;;CB000180030916;496;42;4;G652;OK;4;4;CST;;2015-06-02 00:00:00;;;;
FO180030916497;;CB000180030916;497;42;5;G652;OK;5;4;CST;;2015-06-02 00:00:00;;;;
FO180030916498;;CB000180030916;498;42;6;G652;OK;6;4;CST;;2015-06-02 00:00:00;;;;
FO180030916499;;CB000180030916;499;42;7;G652;OK;7;4;CST;;2015-06-02 00:00:00;;;;
FO180030916500;;CB000180030916;500;42;8;G652;OK;8;4;CST;;2015-06-02 00:00:00;;;;
FO180030916501;;CB000180030916;501;42;9;G652;OK;9;4;CST;;2015-06-02 00:00:00;;;;
FO180030916502;;CB000180030916;502;42;10;G652;OK;10;4;CST;;2015-06-02 00:00:00;;;;
FO180030916503;;CB000180030916;503;42;11;G652;OK;11;4;CST;;2015-06-02 00:00:00;;;;
FO180030916504;;CB000180030916;504;42;12;G652;OK;12;4;CST;;2015-06-02 00:00:00;;;;
FO180030916505;;CB000180030916;505;43;1;G652;OK;1;4;CST;;2015-06-02 00:00:00;;;;
FO180030916506;;CB000180030916;506;43;2;G652;OK;2;4;CST;;2015-06-02 00:00:00;;;;
FO180030916507;;CB000180030916;507;43;3;G652;OK;3;4;CST;;2015-06-02 00:00:00;;;;
FO180030916508;;CB000180030916;508;43;4;G652;OK;4;4;CST;;2015-06-02 00:00:00;;;;
FO180030916509;;CB000180030916;509;43;5;G652;OK;5;4;CST;;2015-06-02 00:00:00;;;;
FO180030916510;;CB000180030916;510;43;6;G652;OK;6;4;CST;;2015-06-02 00:00:00;;;;
FO180030916511;;CB000180030916;511;43;7;G652;OK;7;4;CST;;2015-06-02 00:00:00;;;;
FO180030916512;;CB000180030916;512;43;8;G652;OK;8;4;CST;;2015-06-02 00:00:00;;;;
FO180030916513;;CB000180030916;513;43;9;G652;OK;9;4;CST;;2015-06-02 00:00:00;;;;
FO180030916514;;CB000180030916;514;43;10;G652;OK;10;4;CST;;2015-06-02 00:00:00;;;;
FO180030916515;;CB000180030916;515;43;11;G652;OK;11;4;CST;;2015-06-02 00:00:00;;;;
FO180030916516;;CB000180030916;516;43;12;G652;OK;12;4;CST;;2015-06-02 00:00:00;;;;
FO180030916517;;CB000180030916;517;44;1;G652;OK;1;4;CST;;2015-06-02 00:00:00;;;;
FO180030916518;;CB000180030916;518;44;2;G652;OK;2;4;CST;;2015-06-02 00:00:00;;;;
FO180030916519;;CB000180030916;519;44;3;G652;OK;3;4;CST;;2015-06-02 00:00:00;;;;
FO180030916520;;CB000180030916;520;44;4;G652;OK;4;4;CST;;2015-06-02 00:00:00;;;;
FO180030916521;;CB000180030916;521;44;5;G652;OK;5;4;CST;;2015-06-02 00:00:00;;;;
FO180030916522;;CB000180030916;522;44;6;G652;OK;6;4;CST;;2015-06-02 00:00:00;;;;
FO180030916523;;CB000180030916;523;44;7;G652;OK;7;4;CST;;2015-06-02 00:00:00;;;;
FO180030916524;;CB000180030916;524;44;8;G652;OK;8;4;CST;;2015-06-02 00:00:00;;;;
FO180030916525;;CB000180030916;525;44;9;G652;OK;9;4;CST;;2015-06-02 00:00:00;;;;
FO180030916526;;CB000180030916;526;44;10;G652;OK;10;4;CST;;2015-06-02 00:00:00;;;;
FO180030916527;;CB000180030916;527;44;11;G652;OK;11;4;CST;;2015-06-02 00:00:00;;;;
FO180030916528;;CB000180030916;528;44;12;G652;OK;12;4;CST;;2015-06-02 00:00:00;;;;
FO180030916529;;CB000180030916;529;45;1;G652;OK;1;4;CST;;2015-06-02 00:00:00;;;;
FO180030916530;;CB000180030916;530;45;2;G652;OK;2;4;CST;;2015-06-02 00:00:00;;;;
FO180030916531;;CB000180030916;531;45;3;G652;OK;3;4;CST;;2015-06-02 00:00:00;;;;
FO180030916532;;CB000180030916;532;45;4;G652;OK;4;4;CST;;2015-06-02 00:00:00;;;;
FO180030916533;;CB000180030916;533;45;5;G652;OK;5;4;CST;;2015-06-02 00:00:00;;;;
FO180030916534;;CB000180030916;534;45;6;G652;OK;6;4;CST;;2015-06-02 00:00:00;;;;
FO180030916535;;CB000180030916;535;45;7;G652;OK;7;4;CST;;2015-06-02 00:00:00;;;;
FO180030916536;;CB000180030916;536;45;8;G652;OK;8;4;CST;;2015-06-02 00:00:00;;;;
FO180030916537;;CB000180030916;537;45;9;G652;OK;9;4;CST;;2015-06-02 00:00:00;;;;
FO180030916538;;CB000180030916;538;45;10;G652;OK;10;4;CST;;2015-06-02 00:00:00;;;;
FO180030916539;;CB000180030916;539;45;11;G652;OK;11;4;CST;;2015-06-02 00:00:00;;;;
FO180030916540;;CB000180030916;540;45;12;G652;OK;12;4;CST;;2015-06-02 00:00:00;;;;
FO180030916541;;CB000180030916;541;46;1;G652;OK;1;4;CST;;2015-06-02 00:00:00;;;;
FO180030916542;;CB000180030916;542;46;2;G652;OK;2;4;CST;;2015-06-02 00:00:00;;;;
FO180030916543;;CB000180030916;543;46;3;G652;OK;3;4;CST;;2015-06-02 00:00:00;;;;
FO180030916544;;CB000180030916;544;46;4;G652;OK;4;4;CST;;2015-06-02 00:00:00;;;;
FO180030916545;;CB000180030916;545;46;5;G652;OK;5;4;CST;;2015-06-02 00:00:00;;;;
FO180030916546;;CB000180030916;546;46;6;G652;OK;6;4;CST;;2015-06-02 00:00:00;;;;
FO180030916547;;CB000180030916;547;46;7;G652;OK;7;4;CST;;2015-06-02 00:00:00;;;;
FO180030916548;;CB000180030916;548;46;8;G652;OK;8;4;CST;;2015-06-02 00:00:00;;;;
FO180030916549;;CB000180030916;549;46;9;G652;OK;9;4;CST;;2015-06-02 00:00:00;;;;
FO180030916550;;CB000180030916;550;46;10;G652;OK;10;4;CST;;2015-06-02 00:00:00;;;;
FO180030916551;;CB000180030916;551;46;11;G652;OK;11;4;CST;;2015-06-02 00:00:00;;;;
FO180030916552;;CB000180030916;552;46;12;G652;OK;12;4;CST;;2015-06-02 00:00:00;;;;
FO180030916553;;CB000180030916;553;47;1;G652;OK;1;4;CST;;2015-06-02 00:00:00;;;;
FO180030916554;;CB000180030916;554;47;2;G652;OK;2;4;CST;;2015-06-02 00:00:00;;;;
FO180030916555;;CB000180030916;555;47;3;G652;OK;3;4;CST;;2015-06-02 00:00:00;;;;
FO180030916556;;CB000180030916;556;47;4;G652;OK;4;4;CST;;2015-06-02 00:00:00;;;;
FO180030916557;;CB000180030916;557;47;5;G652;OK;5;4;CST;;2015-06-02 00:00:00;;;;
FO180030916558;;CB000180030916;558;47;6;G652;OK;6;4;CST;;2015-06-02 00:00:00;;;;
FO180030916559;;CB000180030916;559;47;7;G652;OK;7;4;CST;;2015-06-02 00:00:00;;;;
FO180030916560;;CB000180030916;560;47;8;G652;OK;8;4;CST;;2015-06-02 00:00:00;;;;
FO180030916561;;CB000180030916;561;47;9;G652;OK;9;4;CST;;2015-06-02 00:00:00;;;;
FO180030916562;;CB000180030916;562;47;10;G652;OK;10;4;CST;;2015-06-02 00:00:00;;;;
FO180030916563;;CB000180030916;563;47;11;G652;OK;11;4;CST;;2015-06-02 00:00:00;;;;
FO180030916564;;CB000180030916;564;47;12;G652;OK;12;4;CST;;2015-06-02 00:00:00;;;;
FO180030916565;;CB000180030916;565;48;1;G652;OK;1;4;CST;;2015-06-02 00:00:00;;;;
FO180030916566;;CB000180030916;566;48;2;G652;OK;2;4;CST;;2015-06-02 00:00:00;;;;
FO180030916567;;CB000180030916;567;48;3;G652;OK;3;4;CST;;2015-06-02 00:00:00;;;;
FO180030916568;;CB000180030916;568;48;4;G652;OK;4;4;CST;;2015-06-02 00:00:00;;;;
FO180030916569;;CB000180030916;569;48;5;G652;OK;5;4;CST;;2015-06-02 00:00:00;;;;
FO180030916570;;CB000180030916;570;48;6;G652;OK;6;4;CST;;2015-06-02 00:00:00;;;;
FO180030916571;;CB000180030916;571;48;7;G652;OK;7;4;CST;;2015-06-02 00:00:00;;;;
FO180030916572;;CB000180030916;572;48;8;G652;OK;8;4;CST;;2015-06-02 00:00:00;;;;
FO180030916573;;CB000180030916;573;48;9;G652;OK;9;4;CST;;2015-06-02 00:00:00;;;;
FO180030916574;;CB000180030916;574;48;10;G652;OK;10;4;CST;;2015-06-02 00:00:00;;;;
FO180030916575;;CB000180030916;575;48;11;G652;OK;11;4;CST;;2015-06-02 00:00:00;;;;
FO180030916576;;CB000180030916;576;48;12;G652;OK;12;4;CST;;2015-06-02 00:00:00;;;;
FO180030975001;;CB000180030975;1;1;1;G657;OK;1;1;CST;;2015-06-02 00:00:00;;;;
FO180030975002;;CB000180030975;2;1;2;G657;OK;2;1;CST;;2015-06-02 00:00:00;;;;
FO180030975003;;CB000180030975;3;1;3;G657;OK;3;1;CST;;2015-06-02 00:00:00;;;;
FO180030975004;;CB000180030975;4;1;4;G657;OK;4;1;CST;;2015-06-02 00:00:00;;;;
FO180030975005;;CB000180030975;5;1;5;G657;OK;5;1;CST;;2015-06-02 00:00:00;;;;
FO180030975006;;CB000180030975;6;1;6;G657;OK;6;1;CST;;2015-06-02 00:00:00;;;;
FO180030975007;;CB000180030975;7;2;1;G657;OK;1;1;CST;;2015-06-02 00:00:00;;;;
FO180030975008;;CB000180030975;8;2;2;G657;OK;2;1;CST;;2015-06-02 00:00:00;;;;
FO180030975009;;CB000180030975;9;2;3;G657;OK;3;1;CST;;2015-06-02 00:00:00;;;;
FO180030975010;;CB000180030975;10;2;4;G657;OK;4;1;CST;;2015-06-02 00:00:00;;;;
FO180030975011;;CB000180030975;11;2;5;G657;OK;5;1;CST;;2015-06-02 00:00:00;;;;
FO180030975012;;CB000180030975;12;2;6;G657;OK;6;1;CST;;2015-06-02 00:00:00;;;;
FO180030975013;;CB000180030975;13;3;1;G657;OK;1;1;CST;;2015-06-02 00:00:00;;;;
FO180030975014;;CB000180030975;14;3;2;G657;OK;2;1;CST;;2015-06-02 00:00:00;;;;
FO180030975015;;CB000180030975;15;3;3;G657;OK;3;1;CST;;2015-06-02 00:00:00;;;;
FO180030975016;;CB000180030975;16;3;4;G657;OK;4;1;CST;;2015-06-02 00:00:00;;;;
FO180030975017;;CB000180030975;17;3;5;G657;OK;5;1;CST;;2015-06-02 00:00:00;;;;
FO180030975018;;CB000180030975;18;3;6;G657;OK;6;1;CST;;2015-06-02 00:00:00;;;;
FO180030975019;;CB000180030975;19;4;1;G657;OK;1;1;CST;;2015-06-02 00:00:00;;;;
FO180030975020;;CB000180030975;20;4;2;G657;OK;2;1;CST;;2015-06-02 00:00:00;;;;
FO180030975021;;CB000180030975;21;4;3;G657;OK;3;1;CST;;2015-06-02 00:00:00;;;;
FO180030975022;;CB000180030975;22;4;4;G657;OK;4;1;CST;;2015-06-02 00:00:00;;;;
FO180030975023;;CB000180030975;23;4;5;G657;OK;5;1;CST;;2015-06-02 00:00:00;;;;
FO180030975024;;CB000180030975;24;4;6;G657;OK;6;1;CST;;2015-06-02 00:00:00;;;;
FO180030975025;;CB000180030975;25;5;1;G657;OK;1;1;CST;;2015-06-02 00:00:00;;;;
FO180030975026;;CB000180030975;26;5;2;G657;OK;2;1;CST;;2015-06-02 00:00:00;;;;
FO180030975027;;CB000180030975;27;5;3;G657;OK;3;1;CST;;2015-06-02 00:00:00;;;;
FO180030975028;;CB000180030975;28;5;4;G657;OK;4;1;CST;;2015-06-02 00:00:00;;;;
FO180030975029;;CB000180030975;29;5;5;G657;OK;5;1;CST;;2015-06-02 00:00:00;;;;
FO180030975030;;CB000180030975;30;5;6;G657;OK;6;1;CST;;2015-06-02 00:00:00;;;;
FO180030975031;;CB000180030975;31;6;1;G657;OK;1;1;CST;;2015-06-02 00:00:00;;;;
FO180030975032;;CB000180030975;32;6;2;G657;OK;2;1;CST;;2015-06-02 00:00:00;;;;
FO180030975033;;CB000180030975;33;6;3;G657;OK;3;1;CST;;2015-06-02 00:00:00;;;;
FO180030975034;;CB000180030975;34;6;4;G657;OK;4;1;CST;;2015-06-02 00:00:00;;;;
FO180030975035;;CB000180030975;35;6;5;G657;OK;5;1;CST;;2015-06-02 00:00:00;;;;
FO180030975036;;CB000180030975;36;6;6;G657;OK;6;1;CST;;2015-06-02 00:00:00;;;;
FO180030975037;;CB000180030975;37;7;1;G657;OK;1;1;CST;;2015-06-02 00:00:00;;;;
FO180030975038;;CB000180030975;38;7;2;G657;OK;2;1;CST;;2015-06-02 00:00:00;;;;
FO180030975039;;CB000180030975;39;7;3;G657;OK;3;1;CST;;2015-06-02 00:00:00;;;;
FO180030975040;;CB000180030975;40;7;4;G657;OK;4;1;CST;;2015-06-02 00:00:00;;;;
FO180030975041;;CB000180030975;41;7;5;G657;OK;5;1;CST;;2015-06-02 00:00:00;;;;
FO180030975042;;CB000180030975;42;7;6;G657;OK;6;1;CST;;2015-06-02 00:00:00;;;;
FO180030975043;;CB000180030975;43;8;1;G657;OK;1;1;CST;;2015-06-02 00:00:00;;;;
FO180030975044;;CB000180030975;44;8;2;G657;OK;2;1;CST;;2015-06-02 00:00:00;;;;
FO180030975045;;CB000180030975;45;8;3;G657;OK;3;1;CST;;2015-06-02 00:00:00;;;;
FO180030975046;;CB000180030975;46;8;4;G657;OK;4;1;CST;;2015-06-02 00:00:00;;;;
FO180030975047;;CB000180030975;47;8;5;G657;OK;5;1;CST;;2015-06-02 00:00:00;;;;
FO180030975048;;CB000180030975;48;8;6;G657;OK;6;1;CST;;2015-06-02 00:00:00;;;;
FO180034416001;;CB000180034416;1;1;1;G657;OK;1;1;CST;;2015-06-02 00:00:00;;;;
FO180034416002;;CB000180034416;2;2;1;G657;OK;1;1;CST;;2015-06-02 00:00:00;;;;
FO180034416003;;CB000180034416;3;3;1;G657;OK;1;1;CST;;2015-06-02 00:00:00;;;;
FO180034416004;;CB000180034416;4;4;1;G657;OK;1;1;CST;;2015-06-02 00:00:00;;;;
FO180034417001;;CB000180034417;1;1;1;G657;OK;1;1;CST;;2015-06-02 00:00:00;;;;
FO180034417002;;CB000180034417;2;2;1;G657;OK;1;1;CST;;2015-06-02 00:00:00;;;;
FO180034417003;;CB000180034417;3;3;1;G657;OK;1;1;CST;;2015-06-02 00:00:00;;;;
FO180034417004;;CB000180034417;4;4;1;G657;OK;1;1;CST;;2015-06-02 00:00:00;;;;
FO180034417005;;CB000180034417;5;5;1;G657;OK;1;1;CST;;2015-06-02 00:00:00;;;;
FO180034417006;;CB000180034417;6;6;1;G657;OK;1;1;CST;;2015-06-02 00:00:00;;;;
FO180034418001;;CB000180034418;1;1;1;G657;OK;1;1;CST;;2015-06-02 00:00:00;;;;
FO180034418002;;CB000180034418;2;2;1;G657;OK;1;1;CST;;2015-06-02 00:00:00;;;;
FO180034418003;;CB000180034418;3;3;1;G657;OK;1;1;CST;;2015-06-02 00:00:00;;;;
FO180034418004;;CB000180034418;4;4;1;G657;OK;1;1;CST;;2015-06-02 00:00:00;;;;
FO180034419001;;CB000180034419;1;1;1;G657;OK;1;1;CST;;2015-06-02 00:00:00;;;;
FO180034419002;;CB000180034419;2;2;1;G657;OK;1;1;CST;;2015-06-02 00:00:00;;;;
FO180034420001;;CB000180034420;1;1;1;G657;OK;1;1;CST;;2015-06-02 00:00:00;;;;
FO180034420002;;CB000180034420;2;2;1;G657;OK;1;1;CST;;2015-06-02 00:00:00;;;;
FO180034420003;;CB000180034420;3;3;1;G657;OK;1;1;CST;;2015-06-02 00:00:00;;;;
FO180034420004;;CB000180034420;4;4;1;G657;OK;1;1;CST;;2015-06-02 00:00:00;;;;
FO180034421001;;CB000180034421;1;1;1;G657;OK;1;1;CST;;2015-06-02 00:00:00;;;;
FO180034421002;;CB000180034421;2;2;1;G657;OK;1;1;CST;;2015-06-02 00:00:00;;;;
FO180034422001;;CB000180034422;1;1;1;G657;OK;1;1;CST;;2015-06-02 00:00:00;;;;
FO180034422002;;CB000180034422;2;2;1;G657;OK;1;1;CST;;2015-06-02 00:00:00;;;;
FO180034601001;;CB000180034601;1;1;1;G657;OK;1;1;CST;;2015-06-02 00:00:00;;;;
FO180034601002;;CB000180034601;2;2;1;G657;OK;1;1;CST;;2015-06-02 00:00:00;;;;
FO180034602001;;CB000180034602;1;1;1;G657;OK;1;1;CST;;2015-06-02 00:00:00;;;;
FO180034602002;;CB000180034602;2;2;1;G657;OK;1;1;CST;;2015-06-02 00:00:00;;;;
FO180034603001;;CB000180034603;1;1;1;G657;OK;1;1;CST;;2015-06-02 00:00:00;;;;
FO180034603002;;CB000180034603;2;2;1;G657;OK;1;1;CST;;2015-06-02 00:00:00;;;;
FO180034604001;;CB000180034604;1;1;1;G657;OK;1;1;CST;;2015-06-02 00:00:00;;;;
FO180034604002;;CB000180034604;2;2;1;G657;OK;1;1;CST;;2015-06-02 00:00:00;;;;
FO180034605001;;CB000180034605;1;1;1;G657;OK;1;1;CST;;2015-06-02 00:00:00;;;;
FO180034605002;;CB000180034605;2;2;1;G657;OK;1;1;CST;;2015-06-02 00:00:00;;;;
FO180034606001;;CB000180034606;1;1;1;G657;OK;1;1;CST;;2015-06-02 00:00:00;;;;
FO180034606002;;CB000180034606;2;2;1;G657;OK;1;1;CST;;2015-06-02 00:00:00;;;;
FO180034607001;;CB000180034607;1;1;1;G657;OK;1;1;CST;;2015-06-02 00:00:00;;;;
FO180034607002;;CB000180034607;2;2;1;G657;OK;1;1;CST;;2015-06-02 00:00:00;;;;
